ticker,strategy,horizon,close,stage,score,entry_trigger,stop_price,risk_pct,confluence,reason,risk_per_share,suggested_shares,position_value
MRVL,BREAKOUT SWING,Swing (3–15 días),287.010009765625,STAGE 2 ALCISTA,77.1,Ruptura sobre $287.01,240.83,16.09,6,Consolidación ajustada a 5.4% del pivote con volumen relativo 2.72x.,46.18000976562499,4,1148.04
MFG,PULLBACK SWING,Swing (5–20 días),11.149999618530272,STAGE 2 ALCISTA,75.35,Rebote en soporte SMA20 ($11.01) con giro de vela,10.81,3.05,6,Retroceso ordenado a media de 20 días con volumen en secado (0.69x).,0.33999961853027116,588,6556.2
ITUB,BREAKOUT SWING,Swing (3–15 días),10.149999618530272,STAGE 2 ALCISTA,75.17,Ruptura sobre $10.15,8.19,19.31,6,Consolidación ajustada a 2.3% del pivote con volumen relativo 1.61x.,1.9599996185302722,102,1035.3
AAPL,PULLBACK SWING,Swing (5–20 días),333.6300048828125,STAGE 2 ALCISTA,74.6,Rebote en soporte SMA20 ($333.41) con giro de vela,328.43,1.56,6,Retroceso ordenado a media de 20 días con volumen en secado (0.73x).,5.200004882812493,38,12677.94
MFG,MOMENTUM POSITION,Position (4–16 semanas),11.149999618530272,STAGE 2 ALCISTA,73.67,Continuidad tendencial sobre SMA50 ($10.75),10.21,8.42,6,"Liderazgo relativo persistente (RS: 80.0, Momentum: 75.7).",0.9399996185302708,212,2363.8
VLO,MOMENTUM POSITION,Position (4–16 semanas),419.2200012207031,STAGE 2 ALCISTA,72.82,Continuidad tendencial sobre SMA50 ($359.64),341.65,18.5,6,"Liderazgo relativo persistente (RS: 97.5, Momentum: 95.3).",77.57000122070315,2,838.44
MPC,MOMENTUM POSITION,Position (4–16 semanas),432.3599853515625,STAGE 2 ALCISTA,72.78,Continuidad tendencial sobre SMA50 ($370.05),351.55,18.69,6,"Liderazgo relativo persistente (RS: 98.5, Momentum: 95.2).",80.80998535156249,2,864.72
MRVL,MOMENTUM POSITION,Position (4–16 semanas),287.010009765625,STAGE 2 ALCISTA,72.28,Continuidad tendencial sobre SMA50 ($230.22),218.71,23.8,6,"Liderazgo relativo persistente (RS: 95.6, Momentum: 95.4).",68.30000976562499,2,574.02
PBR,BREAKOUT SWING,Swing (3–15 días),23.799999237060547,STAGE 2 ALCISTA,72.18,Ruptura sobre $24.14,20.71,12.98,6,Consolidación ajustada a -1.4% del pivote con volumen relativo 1.63x.,3.089999237060546,64,1523.2
ASML,MOMENTUM POSITION,Position (4–16 semanas),1834.0999755859373,STAGE 2 ALCISTA,71.91,Continuidad tendencial sobre SMA50 ($1727.21),1640.85,10.54,6,"Liderazgo relativo persistente (RS: 81.6, Momentum: 77.9).",193.24997558593736,1,1834.1
TSM,MOMENTUM POSITION,Position (4–16 semanas),482.2999877929688,STAGE 2 ALCISTA,71.67,Continuidad tendencial sobre SMA50 ($427.43),406.05,15.81,6,"Liderazgo relativo persistente (RS: 82.8, Momentum: 80.6).",76.2499877929688,2,964.6
ASX,MOMENTUM POSITION,Position (4–16 semanas),46.77999877929688,STAGE 2 ALCISTA,71.43,Continuidad tendencial sobre SMA50 ($39.40),37.43,19.99,6,"Liderazgo relativo persistente (RS: 93.8, Momentum: 93.2).",9.349998779296882,21,982.38
PWR,BREAKOUT SWING,Swing (3–15 días),719.5599975585938,STAGE 2 ALCISTA,71.4,Ruptura sobre $722.19,627.63,12.78,6,Consolidación ajustada a -0.4% del pivote con volumen relativo 1.33x.,91.92999755859375,2,1439.12
AMD,MOMENTUM POSITION,Position (4–16 semanas),649.4199829101562,STAGE 2 ALCISTA,71.36,Continuidad tendencial sobre SMA50 ($518.82),492.88,24.1,6,"Liderazgo relativo persistente (RS: 96.0, Momentum: 96.0).",156.53998291015625,1,649.42
ITUB,MOMENTUM POSITION,Position (4–16 semanas),10.149999618530272,STAGE 2 ALCISTA,71.21,Continuidad tendencial sobre SMA50 ($8.06),7.66,24.54,6,"Liderazgo relativo persistente (RS: 75.5, Momentum: 81.1).",2.4899996185302715,80,812.0
TXN,MOMENTUM POSITION,Position (4–16 semanas),297.2300109863281,STAGE 2 ALCISTA,71.06,Continuidad tendencial sobre SMA50 ($271.12),257.56,13.35,6,"Liderazgo relativo persistente (RS: 82.5, Momentum: 78.0).",39.67001098632812,5,1486.15
APH,MOMENTUM POSITION,Position (4–16 semanas),88.62000274658203,STAGE 2 ALCISTA,70.92,Continuidad tendencial sobre SMA50 ($81.55),77.47,12.58,6,"Liderazgo relativo persistente (RS: 78.7, Momentum: 76.7).",11.150002746582032,17,1506.54
ADI,MOMENTUM POSITION,Position (4–16 semanas),420.5499877929688,STAGE 2 ALCISTA,70.78,Continuidad tendencial sobre SMA50 ($376.83),357.99,14.88,6,"Liderazgo relativo persistente (RS: 77.4, Momentum: 79.4).",62.5599877929688,3,1261.65
PBR-A,MOMENTUM POSITION,Position (4–16 semanas),21.6200008392334,STAGE 2 ALCISTA,70.28,Continuidad tendencial sobre SMA50 ($17.62),16.73,22.6,6,"Liderazgo relativo persistente (RS: 79.5, Momentum: 86.5).",4.890000839233398,40,864.8
PBR,MOMENTUM POSITION,Position (4–16 semanas),23.799999237060547,STAGE 2 ALCISTA,70.25,Continuidad tendencial sobre SMA50 ($19.57),18.6,21.86,6,"Liderazgo relativo persistente (RS: 79.0, Momentum: 86.4).",5.1999992370605455,38,904.4
PWR,MOMENTUM POSITION,Position (4–16 semanas),719.5599975585938,STAGE 2 ALCISTA,69.73,Continuidad tendencial sobre SMA50 ($646.07),613.77,14.7,6,"Liderazgo relativo persistente (RS: 76.8, Momentum: 78.4).",105.78999755859377,1,719.56
XOM,PULLBACK SWING,Swing (5–20 días),164.47999572753906,STAGE 2 ALCISTA,73.63,Rebote en soporte SMA20 ($163.19) con giro de vela,160.58,2.37,5,Retroceso ordenado a media de 20 días con volumen en secado (0.67x).,3.89999572753905,51,8388.48
SHEL,BREAKOUT SWING,Swing (3–15 días),97.62000274658205,STAGE 2 ALCISTA,73.49,Ruptura sobre $98.95,94.61,3.08,5,Consolidación ajustada a -1.3% del pivote con volumen relativo 1.26x.,3.010002746582046,66,6442.92
MU,PULLBACK SWING,Swing (5–20 días),1045.56005859375,STAGE 2 ALCISTA,72.0,Rebote en soporte SMA20 ($1029.64) con giro de vela,997.06,4.64,5,Retroceso ordenado a media de 20 días con volumen en secado (0.86x).,48.500058593750055,4,4182.24
MU,MOMENTUM POSITION,Position (4–16 semanas),1045.56005859375,STAGE 2 ALCISTA,71.98,Continuidad tendencial sobre SMA50 ($961.81),913.72,12.61,5,"Liderazgo relativo persistente (RS: 91.8, Momentum: 87.5).",131.84005859374997,1,1045.56
DE,PULLBACK SWING,Swing (5–20 días),682.7899780273438,STAGE 2 ALCISTA,70.85,Rebote en soporte SMA20 ($682.73) con giro de vela,669.9,1.89,5,Retroceso ordenado a media de 20 días con volumen en secado (0.61x).,12.889978027343773,15,10241.85
FCX,MOMENTUM POSITION,Position (4–16 semanas),72.55999755859375,STAGE 2 ALCISTA,70.15,Continuidad tendencial sobre SMA50 ($70.93),67.39,7.13,5,"Liderazgo relativo persistente (RS: 76.5, Momentum: 79.1).",5.169997558593749,38,2757.28
CSCO,MOMENTUM POSITION,Position (4–16 semanas),117.94000244140624,STAGE 2 ALCISTA,70.02,Continuidad tendencial sobre SMA50 ($111.73),106.14,10.0,5,"Liderazgo relativo persistente (RS: 83.8, Momentum: 79.1).",11.800002441406235,16,1887.04
FTNT,MOMENTUM POSITION,Position (4–16 semanas),191.2700042724609,STAGE 2 ALCISTA,69.98,Continuidad tendencial sobre SMA50 ($165.06),156.81,18.02,5,"Liderazgo relativo persistente (RS: 95.1, Momentum: 93.6).",34.46000427246091,5,956.35
SCCO,MOMENTUM POSITION,Position (4–16 semanas),204.25999450683597,STAGE 2 ALCISTA,69.78,Continuidad tendencial sobre SMA50 ($197.92),188.02,7.95,5,"Liderazgo relativo persistente (RS: 76.1, Momentum: 78.5).",16.239994506835956,12,2451.12
TGT,MOMENTUM POSITION,Position (4–16 semanas),154.3300018310547,STAGE 2 ALCISTA,69.77,Continuidad tendencial sobre SMA50 ($156.04),148.23,3.95,5,"Liderazgo relativo persistente (RS: 81.3, Momentum: 77.3).",6.100001831054698,32,4938.56
MUFG,PULLBACK SWING,Swing (5–20 días),23.200000762939453,STAGE 2 ALCISTA,69.65,Rebote en soporte SMA20 ($23.21) con giro de vela,22.86,6.51,5,Retroceso ordenado a media de 20 días con volumen en secado (0.61x).,0.3400007629394537,588,13641.6
TT,BREAKOUT SWING,Swing (3–15 días),476.3900146484375,STAGE 2 ALCISTA,68.96,Ruptura sobre $482.82,435.85,8.51,5,Consolidación ajustada a -1.3% del pivote con volumen relativo 1.30x.,40.54001464843748,4,1905.56
MFC,PULLBACK SWING,Swing (5–20 días),42.93000030517578,STAGE 2 ALCISTA,68.89,Rebote en soporte SMA20 ($43.50) con giro de vela,42.99,6.17,5,Retroceso ordenado a media de 20 días con volumen en secado (0.94x).,0.01,20000,858600.01
LRCX,MOMENTUM POSITION,Position (4–16 semanas),333.8900146484375,STAGE 2 ALCISTA,68.77,Continuidad tendencial sobre SMA50 ($307.45),292.08,12.52,5,"Liderazgo relativo persistente (RS: 83.8, Momentum: 80.6).",41.810014648437516,4,1335.56
INTC,MOMENTUM POSITION,Position (4–16 semanas),112.5,STAGE 2 ALCISTA,68.6,Continuidad tendencial sobre SMA50 ($101.77),96.68,14.06,5,"Liderazgo relativo persistente (RS: 89.0, Momentum: 86.9).",15.819999999999993,12,1350.0
AMAT,MOMENTUM POSITION,Position (4–16 semanas),530.27001953125,STAGE 2 ALCISTA,68.37,Continuidad tendencial sobre SMA50 ($487.30),462.94,12.7,5,"Liderazgo relativo persistente (RS: 81.8, Momentum: 79.4).",67.33001953125,2,1060.54
BHP,PULLBACK SWING,Swing (5–20 días),87.0,STAGE 2 ALCISTA,68.34,Rebote en soporte SMA20 ($86.05) con giro de vela,84.46,2.92,5,Retroceso ordenado a media de 20 días con volumen en secado (0.91x).,2.5400000000000063,78,6786.0
FCX,PULLBACK SWING,Swing (5–20 días),72.55999755859375,STAGE 2 ALCISTA,68.08,Rebote en soporte SMA20 ($71.58) con giro de vela,69.53,4.18,5,Retroceso ordenado a media de 20 días con volumen en secado (0.81x).,3.029997558593749,66,4788.96
TGT,PULLBACK SWING,Swing (5–20 días),154.3300018310547,STAGE 2 ALCISTA,67.78,Rebote en soporte SMA20 ($156.65) con giro de vela,153.84,6.82,5,Retroceso ordenado a media de 20 días con volumen en secado (1.02x).,0.4900018310546841,408,62966.64
SCCO,PULLBACK SWING,Swing (5–20 días),204.25999450683597,STAGE 2 ALCISTA,67.69,Rebote en soporte SMA20 ($199.50) con giro de vela,193.91,5.07,5,Retroceso ordenado a media de 20 días con volumen en secado (1.01x).,10.34999450683597,19,3880.94
INTC,PULLBACK SWING,Swing (5–20 días),112.5,STAGE 2 ALCISTA,67.04,Rebote en soporte SMA20 ($113.06) con giro de vela,108.55,9.0,5,Retroceso ordenado a media de 20 días con volumen en secado (0.93x).,3.950000000000003,50,5625.0
STX,MOMENTUM POSITION,Position (4–16 semanas),805.6300048828125,STAGE 2 ALCISTA,66.61,Continuidad tendencial sobre SMA50 ($854.64),811.91,0.78,5,"Liderazgo relativo persistente (RS: 85.4, Momentum: 76.8).",0.01,20000,16112600.1
SMFG,PULLBACK SWING,Swing (5–20 días),25.82999992370605,STAGE 2 ALCISTA,66.47,Rebote en soporte SMA20 ($26.24) con giro de vela,25.81,6.66,5,Retroceso ordenado a media de 20 días con volumen en secado (0.81x).,0.019999923706052414,10000,258300.0
PM,PULLBACK SWING,Swing (5–20 días),190.3999938964844,STAGE 2 ALCISTA,69.56,Rebote en soporte SMA20 ($189.17) con giro de vela,185.85,2.39,4,Retroceso ordenado a media de 20 días con volumen en secado (0.93x).,4.549993896484409,43,8187.2
V,PULLBACK SWING,Swing (5–20 días),370.6400146484375,STAGE 2 ALCISTA,68.64,Rebote en soporte SMA20 ($367.39) con giro de vela,362.93,2.08,4,Retroceso ordenado a media de 20 días con volumen en secado (0.58x).,7.710014648437493,25,9266.0
SU,PULLBACK SWING,Swing (5–20 días),68.22000122070312,STAGE 2 ALCISTA,68.36,Rebote en soporte SMA20 ($68.70) con giro de vela,67.42,6.87,4,Retroceso ordenado a media de 20 días con volumen en secado (0.71x).,0.8000012207031233,249,16986.78
CVX,PULLBACK SWING,Swing (5–20 días),207.5800018310547,STAGE 2 ALCISTA,68.13,Rebote en soporte SMA20 ($208.38) con giro de vela,205.27,6.5,4,Retroceso ordenado a media de 20 días con volumen en secado (0.56x).,2.3100018310546773,86,17851.88
EQIX,PULLBACK SWING,Swing (5–20 días),1047.3599853515625,STAGE 2 ALCISTA,68.09,Rebote en soporte SMA20 ($1025.88) con giro de vela,1006.28,3.92,4,Retroceso ordenado a media de 20 días con volumen en secado (0.78x).,41.07998535156253,4,4189.44
KO,PULLBACK SWING,Swing (5–20 días),86.16999816894531,STAGE 2 ALCISTA,68.04,Rebote en soporte SMA20 ($87.40) con giro de vela,86.48,6.08,4,Retroceso ordenado a media de 20 días con volumen en secado (1.01x).,0.01,20000,1723399.96
AMGN,PULLBACK SWING,Swing (5–20 días),402.6000061035156,STAGE 2 ALCISTA,67.21,Rebote en soporte SMA20 ($397.97) con giro de vela,390.47,3.01,4,Retroceso ordenado a media de 20 días con volumen en secado (0.64x).,12.130006103515598,16,6441.6
LLY,PULLBACK SWING,Swing (5–20 días),1157.489990234375,STAGE 2 ALCISTA,67.0,Rebote en soporte SMA20 ($1152.58) con giro de vela,1128.64,2.49,4,Retroceso ordenado a media de 20 días con volumen en secado (0.96x).,28.8499902343749,6,6944.94
CSX,PULLBACK SWING,Swing (5–20 días),47.5,STAGE 2 ALCISTA,66.97,Rebote en soporte SMA20 ($47.47) con giro de vela,46.84,1.39,4,Retroceso ordenado a media de 20 días con volumen en secado (0.79x).,0.6599999999999966,303,14392.5
ELV,PULLBACK SWING,Swing (5–20 días),400.0899963378906,STAGE 2 ALCISTA,66.88,Rebote en soporte SMA20 ($402.67) con giro de vela,395.39,6.82,4,Retroceso ordenado a media de 20 días con volumen en secado (1.00x).,4.699996337890639,42,16803.78
GOOGL,PULLBACK SWING,Swing (5–20 días),347.67999267578125,STAGE 2 ALCISTA,66.41,Rebote en soporte SMA20 ($343.49) con giro de vela,337.14,3.03,4,Retroceso ordenado a media de 20 días con volumen en secado (0.67x).,10.539992675781264,18,6258.24
PFE,PULLBACK SWING,Swing (5–20 días),27.5,STAGE 2 ALCISTA,66.02,Rebote en soporte SMA20 ($27.94) con giro de vela,27.55,6.44,4,Retroceso ordenado a media de 20 días con volumen en secado (0.74x).,0.01,20000,550000.0
EOG,PULLBACK SWING,Swing (5–20 días),144.27999877929688,STAGE 2 ALCISTA,66.02,Rebote en soporte SMA20 ($143.69) con giro de vela,141.06,2.23,4,Retroceso ordenado a media de 20 días con volumen en secado (0.84x).,3.2199987792968727,62,8945.36
TRV,PULLBACK SWING,Swing (5–20 días),360.6400146484375,STAGE 2 ALCISTA,65.84,Rebote en soporte SMA20 ($367.13) con giro de vela,362.46,6.29,4,Retroceso ordenado a media de 20 días con volumen en secado (0.71x).,0.01,20000,7212800.29
AMZN,PULLBACK SWING,Swing (5–20 días),256.2900085449219,STAGE 2 ALCISTA,65.67,Rebote en soporte SMA20 ($251.25) con giro de vela,247.09,3.59,4,Retroceso ordenado a media de 20 días con volumen en secado (0.95x).,9.200008544921872,21,5382.09
CM,PULLBACK SWING,Swing (5–20 días),111.58999633789062,STAGE 2 ALCISTA,65.23,Rebote en soporte SMA20 ($112.39) con giro de vela,110.82,6.41,4,Retroceso ordenado a media de 20 días con volumen en secado (0.33x).,0.7699963378906318,259,28901.81
CNQ,PULLBACK SWING,Swing (5–20 días),48.09999847412109,STAGE 2 ALCISTA,65.19,Rebote en soporte SMA20 ($48.85) con giro de vela,47.95,6.88,4,Retroceso ordenado a media de 20 días con volumen en secado (0.62x).,0.1499984741210838,1333,64117.3
NSC,PULLBACK SWING,Swing (5–20 días),316.3099975585937,STAGE 2 ALCISTA,65.09,Rebote en soporte SMA20 ($315.84) con giro de vela,311.91,1.39,4,Retroceso ordenado a media de 20 días con volumen en secado (0.41x).,4.399997558593668,45,14233.95
UNH,PULLBACK SWING,Swing (5–20 días),376.3200073242188,STAGE 2 ALCISTA,65.04,Rebote en soporte SMA20 ($376.27) con giro de vela,369.79,1.74,4,Retroceso ordenado a media de 20 días con volumen en secado (1.01x).,6.530007324218786,30,11289.6
COP,PULLBACK SWING,Swing (5–20 días),129.35000610351562,STAGE 2 ALCISTA,64.92,Rebote en soporte SMA20 ($130.60) con giro de vela,128.24,6.83,4,Retroceso ordenado a media de 20 días con volumen en secado (0.84x).,1.110006103515616,180,23283.0
MO,PULLBACK SWING,Swing (5–20 días),68.55000305175781,STAGE 2 ALCISTA,64.82,Rebote en soporte SMA20 ($68.54) con giro de vela,67.51,1.52,4,Retroceso ordenado a media de 20 días con volumen en secado (0.88x).,1.0400030517578074,192,13161.6
CNI,PULLBACK SWING,Swing (5–20 días),118.41000366210938,STAGE 2 ALCISTA,64.28,Rebote en soporte SMA20 ($120.00) con giro de vela,118.42,6.33,4,Retroceso ordenado a media de 20 días con volumen en secado (0.75x).,0.01,20000,2368200.07
UNP,PULLBACK SWING,Swing (5–20 días),276.6099853515625,STAGE 2 ALCISTA,64.04,Rebote en soporte SMA20 ($277.95) con giro de vela,274.32,6.31,4,Retroceso ordenado a media de 20 días con volumen en secado (0.91x).,2.289985351562507,87,24065.07
CB,PULLBACK SWING,Swing (5–20 días),334.2099914550781,STAGE 2 ALCISTA,63.26,Rebote en soporte SMA20 ($335.62) con giro de vela,331.78,6.15,4,Retroceso ordenado a media de 20 días con volumen en secado (0.77x).,2.4299914550781523,82,27405.22
MDLZ,PULLBACK SWING,Swing (5–20 días),59.619998931884766,STAGE 2 ALCISTA,62.19,Rebote en soporte SMA20 ($60.21) con giro de vela,59.31,6.51,4,Retroceso ordenado a media de 20 días con volumen en secado (0.89x).,0.30999893188476335,645,38454.9
