history_sessions,close,sma20,sma50,sma150,sma200,sma200_slope_20_pct,atr14,atr_pct,high_52w,low_52w,distance_to_52w_high_pct,prior_55d_high,distance_to_prior55_high_pct,return_1m,return_3m,return_6m,return_12m,avg_volume_20d,dollar_volume_20d,volume_ratio_20d,stage,stage_confidence,momentum_score,momentum_trend,rs_score,ticker,data_quality,is_prebreakout,is_breakout,setup_score,stop_price,risk_distance_pct,suggested_shares,suggested_position_value,risk_score,score_swing,state_swing,swing_gates,score_position,state_position,position_gates,score_invest,state_invest,invest_gates,confluence,confidence,sector,sector_etf
501,,,,,,,6.01658428586662,,235.202392578125,164.79331970214844,,230.10252380371094,,,,,,112104990.55,,0.876183214664211,STAGE 3 TRANSICIÓN,LOW,50.0,MOMENTUM_STABLE,50.0,NVDA,OK,False,False,50.0,,7.0,0,,,,FUERA DE RANGO,GATE_MARKET_ADVERSO,,FUERA DE RANGO,"GATE_WEAK_STAGE,GATE_MARKET_ADVERSO",,FUERA DE RANGO,NONE,2,85.0,Unknown,XLK
501,,,,,,,7.035836833010935,,341.07000732421875,244.3673095703125,,341.07000732421875,,,,,,42430461.4,,0.8902549431149952,STAGE 3 TRANSICIÓN,LOW,50.0,MOMENTUM_STABLE,50.0,AAPL,OK,False,False,50.0,,7.0,0,,,,FUERA DE RANGO,GATE_MARKET_ADVERSO,,FUERA DE RANGO,"GATE_WEAK_STAGE,GATE_MARKET_ADVERSO",,FUERA DE RANGO,NONE,2,85.0,Unknown,XLK
501,,,,,,,8.208589815865244,,402.1211853027344,235.9563446044922,,377.40740966796875,,,,,,25959671.3,,0.7931273767707528,STAGE 3 TRANSICIÓN,LOW,50.0,MOMENTUM_STABLE,50.0,GOOGL,OK,False,False,50.0,,7.0,0,,,,FUERA DE RANGO,GATE_MARKET_ADVERSO,,FUERA DE RANGO,"GATE_WEAK_STAGE,GATE_MARKET_ADVERSO",,FUERA DE RANGO,NONE,2,85.0,Unknown,XLK
501,,,,,,,7.94766497981246,,398.541259765625,236.8716583251953,,375.1064758300781,,,,,,16894743.2,,0.8153461604554013,STAGE 3 TRANSICIÓN,LOW,50.0,MOMENTUM_STABLE,50.0,GOOG,OK,False,False,50.0,,7.0,0,,,,FUERA DE RANGO,GATE_MARKET_ADVERSO,,FUERA DE RANGO,"GATE_WEAK_STAGE,GATE_MARKET_ADVERSO",,FUERA DE RANGO,NONE,2,85.0,Unknown,XLK
501,,,,,,,11.884031111178276,,537.6463623046875,352.1670227050781,,516.1699829101562,,,,,,20975433.2,,0.9544577129401075,STAGE 3 TRANSICIÓN,LOW,50.0,MOMENTUM_STABLE,50.0,MSFT,OK,False,False,50.0,,7.0,0,,,,FUERA DE RANGO,GATE_MARKET_ADVERSO,,FUERA DE RANGO,"GATE_WEAK_STAGE,GATE_MARKET_ADVERSO",,FUERA DE RANGO,NONE,2,85.0,Unknown,XLK
501,,,,,,,5.599493153880609,,284.0199890136719,198.7899932861328,,284.0199890136719,,,,,,33775395.65,,0.9352551581434991,STAGE 3 TRANSICIÓN,LOW,50.0,MOMENTUM_STABLE,50.0,AMZN,OK,False,False,50.0,,7.0,0,,,,FUERA DE RANGO,GATE_MARKET_ADVERSO,,FUERA DE RANGO,"GATE_WEAK_STAGE,GATE_MARKET_ADVERSO",,FUERA DE RANGO,NONE,2,85.0,Unknown,XLK
501,,,,,,,10.749074868906282,,476.2922668457031,270.3685302734375,,452.8800048828125,,,,,,9905071.65,,0.997128879930919,STAGE 3 TRANSICIÓN,LOW,50.0,MOMENTUM_STABLE,50.0,TSM,OK,False,False,50.0,,7.0,0,,,,FUERA DE RANGO,GATE_MARKET_ADVERSO,,FUERA DE RANGO,"GATE_WEAK_STAGE,GATE_MARKET_ADVERSO",,FUERA DE RANGO,NONE,2,85.0,Unknown,XLK
75,,,,,,,6.469472891630991,,211.38999938964844,108.2699966430664,,154.80999755859375,,,,,,92008826.55,,0.8663443931293133,NEW_ISSUE_WATCH,LOW,50.0,MOMENTUM_STABLE,50.0,SPCX,OK,False,False,50.0,,7.0,0,,,,FUERA DE RANGO,GATE_MARKET_ADVERSO,,FUERA DE RANGO,GATE_MARKET_ADVERSO,,FUERA DE RANGO,NONE,2,60.0,Unknown,XLK
501,,,,,,,27.810335321208974,,777.5900268554688,524.8189697265625,,777.5900268554688,,,,,,24009084.15,,0.9593903230998506,STAGE 3 TRANSICIÓN,LOW,50.0,MOMENTUM_STABLE,50.0,META,OK,False,False,50.0,,7.0,0,,,,FUERA DE RANGO,GATE_MARKET_ADVERSO,,FUERA DE RANGO,"GATE_WEAK_STAGE,GATE_MARKET_ADVERSO",,FUERA DE RANGO,NONE,2,85.0,Unknown,XLK
501,,,,,,,10.881704040568515,,479.93511962890625,292.41387939453125,,426.98248291015625,,,,,,27493921.7,,0.6864147721785357,STAGE 3 TRANSICIÓN,LOW,50.0,MOMENTUM_STABLE,50.0,AVGO,OK,False,False,50.0,,7.0,0,,,,FUERA DE RANGO,GATE_MARKET_ADVERSO,,FUERA DE RANGO,"GATE_WEAK_STAGE,GATE_MARKET_ADVERSO",,FUERA DE RANGO,NONE,2,85.0,Unknown,XLK
501,,,,,,,12.498526982996014,,489.8800048828125,298.32000732421875,,396.17999267578125,,,,,,38484703.6,,0.8231055208126898,STAGE 3 TRANSICIÓN,LOW,50.0,MOMENTUM_STABLE,50.0,TSLA,OK,False,False,50.0,,7.0,0,,,,FUERA DE RANGO,GATE_MARKET_ADVERSO,,FUERA DE RANGO,"GATE_WEAK_STAGE,GATE_MARKET_ADVERSO",,FUERA DE RANGO,NONE,2,85.0,Unknown,XLK
57,,,,,,,9.117700661073819,,198.6300048828125,126.79000091552734,,198.6300048828125,,,,,,19628197.75,,0.6343962476126979,NEW_ISSUE_WATCH,LOW,50.0,MOMENTUM_STABLE,50.0,SKHY,OK,False,False,50.0,,7.0,0,,,,FUERA DE RANGO,GATE_MARKET_ADVERSO,,FUERA DE RANGO,GATE_MARKET_ADVERSO,,FUERA DE RANGO,NONE,2,60.0,Unknown,XLK
501,,,,,,,46.92540037916449,,1213.3734130859375,163.63734436035156,,1096.1600341796875,,,,,,24777780.35,,0.753631145979547,STAGE 3 TRANSICIÓN,LOW,50.0,MOMENTUM_STABLE,50.0,MU,OK,False,False,50.0,,7.0,0,,,,FUERA DE RANGO,GATE_MARKET_ADVERSO,,FUERA DE RANGO,"GATE_WEAK_STAGE,GATE_MARKET_ADVERSO",,FUERA DE RANGO,NONE,2,85.0,Unknown,XLK
501,,,,,,,5.974972646062568,,529.4199829101562,465.3999938964844,,529.4199829101562,,,,,,4478892.35,,0.7194517635593541,STAGE 3 TRANSICIÓN,LOW,50.0,MOMENTUM_STABLE,50.0,BRK-B,OK,False,False,50.0,,7.0,0,,,,FUERA DE RANGO,GATE_MARKET_ADVERSO,,FUERA DE RANGO,"GATE_WEAK_STAGE,GATE_MARKET_ADVERSO",,FUERA DE RANGO,NONE,2,85.0,Unknown,XLK
501,,,,,,,31.196848869885738,,1280.3399658203125,721.9567260742188,,1280.3399658203125,,,,,,2248190.35,,0.7231625204689629,STAGE 3 TRANSICIÓN,LOW,50.0,MOMENTUM_STABLE,50.0,LLY,OK,False,False,50.0,,7.0,0,,,,FUERA DE RANGO,GATE_MARKET_ADVERSO,,FUERA DE RANGO,"GATE_WEAK_STAGE,GATE_MARKET_ADVERSO",,FUERA DE RANGO,NONE,2,85.0,Unknown,XLK
501,,,,,,,24.94908240358058,,630.6300048828125,161.36000061035156,,630.6300048828125,,,,,,22157933.8,,0.7367779030010461,STAGE 3 TRANSICIÓN,LOW,50.0,MOMENTUM_STABLE,50.0,AMD,OK,False,False,50.0,,7.0,0,,,,FUERA DE RANGO,GATE_MARKET_ADVERSO,,FUERA DE RANGO,"GATE_WEAK_STAGE,GATE_MARKET_ADVERSO",,FUERA DE RANGO,NONE,2,85.0,Unknown,XLK
501,,,,,,,6.573219050485478,,365.17999267578125,280.13787841796875,,365.17999267578125,,,,,,7939943.25,,0.7585652454128057,STAGE 3 TRANSICIÓN,LOW,50.0,MOMENTUM_STABLE,50.0,JPM,OK,False,False,50.0,,7.0,0,,,,FUERA DE RANGO,GATE_MARKET_ADVERSO,,FUERA DE RANGO,"GATE_WEAK_STAGE,GATE_MARKET_ADVERSO",,FUERA DE RANGO,NONE,2,85.0,Unknown,XLK
501,,,,,,,2.2296240730747043,,133.87948608398438,99.76997375488281,,115.7329330444336,,,,,,22121116.6,,1.1159351693847135,STAGE 3 TRANSICIÓN,LOW,50.0,MOMENTUM_STABLE,50.0,WMT,OK,False,False,50.0,,7.0,0,,,,FUERA DE RANGO,GATE_MARKET_ADVERSO,,FUERA DE RANGO,"GATE_WEAK_STAGE,GATE_MARKET_ADVERSO",,FUERA DE RANGO,NONE,2,85.0,Unknown,XLK
501,,,,,,,53.39641038083077,,1986.870361328125,930.0640258789062,,1883.1199951171875,,,,,,1329990.55,,1.237911803207925,STAGE 3 TRANSICIÓN,LOW,50.0,MOMENTUM_STABLE,50.0,ASML,OK,False,False,50.0,,7.0,0,,,,FUERA DE RANGO,GATE_MARKET_ADVERSO,,FUERA DE RANGO,"GATE_WEAK_STAGE,GATE_MARKET_ADVERSO",,FUERA DE RANGO,NONE,2,85.0,Unknown,XLK
501,,,,,,,5.758464971623905,,384.1400146484375,294.3617858886719,,384.1400146484375,,,,,,6057349.9,,0.8890353188941585,STAGE 3 TRANSICIÓN,LOW,50.0,MOMENTUM_STABLE,50.0,V,OK,False,False,50.0,,7.0,0,,,,FUERA DE RANGO,GATE_MARKET_ADVERSO,,FUERA DE RANGO,"GATE_WEAK_STAGE,GATE_MARKET_ADVERSO",,FUERA DE RANGO,NONE,2,85.0,Unknown,XLK
501,,,,,,,3.6298909451854158,,169.32000732421875,107.52367401123047,,169.32000732421875,,,,,,14130909.25,,0.647515657918474,STAGE 3 TRANSICIÓN,LOW,50.0,MOMENTUM_STABLE,50.0,XOM,OK,False,False,50.0,,7.0,0,,,,FUERA DE RANGO,GATE_MARKET_ADVERSO,,FUERA DE RANGO,"GATE_WEAK_STAGE,GATE_MARKET_ADVERSO",,FUERA DE RANGO,NONE,2,85.0,Unknown,XLK
501,,,,,,,5.207614682647654,,278.42999267578125,177.6172637939453,,278.42999267578125,,,,,,6295864.4,,0.8852299931999805,STAGE 3 TRANSICIÓN,LOW,50.0,MOMENTUM_STABLE,50.0,JNJ,OK,False,False,50.0,,7.0,0,,,,FUERA DE RANGO,GATE_MARKET_ADVERSO,,FUERA DE RANGO,"GATE_WEAK_STAGE,GATE_MARKET_ADVERSO",,FUERA DE RANGO,NONE,2,85.0,Unknown,XLK
501,,,,,,,6.291791752590776,,140.94000244140625,33.54999923706055,,127.38999938964844,,,,,,108078336.35,,0.7977882516693643,STAGE 3 TRANSICIÓN,LOW,50.0,MOMENTUM_STABLE,50.0,INTC,OK,False,False,50.0,,7.0,0,,,,FUERA DE RANGO,GATE_MARKET_ADVERSO,,FUERA DE RANGO,"GATE_WEAK_STAGE,GATE_MARKET_ADVERSO",,FUERA DE RANGO,NONE,2,85.0,Unknown,XLK
501,,,,,,,8.902426025371817,,599.8599853515625,470.7608337402344,,599.8599853515625,,,,,,2598882.45,,0.9050232341212662,STAGE 3 TRANSICIÓN,LOW,50.0,MOMENTUM_STABLE,50.0,MA,OK,False,False,50.0,,7.0,0,,,,FUERA DE RANGO,GATE_MARKET_ADVERSO,,FUERA DE RANGO,"GATE_WEAK_STAGE,GATE_MARKET_ADVERSO",,FUERA DE RANGO,NONE,2,85.0,Unknown,XLK
501,,,,,,,5.320628073717214,,266.2799987792969,195.98501586914062,,266.2799987792969,,,,,,4115266.15,,0.9591173100675396,STAGE 3 TRANSICIÓN,LOW,50.0,MOMENTUM_STABLE,50.0,ABBV,OK,False,False,50.0,,7.0,0,,,,FUERA DE RANGO,GATE_MARKET_ADVERSO,,FUERA DE RANGO,"GATE_WEAK_STAGE,GATE_MARKET_ADVERSO",,FUERA DE RANGO,NONE,2,85.0,Unknown,XLK
501,,,,,,,6.513497379988561,,207.17999267578125,107.2699966430664,,192.58999633789062,,,,,,25440137.35,,0.5540397367390786,STAGE 3 TRANSICIÓN,LOW,50.0,MOMENTUM_STABLE,50.0,PLTR,OK,False,False,50.0,,7.0,0,,,,FUERA DE RANGO,GATE_MARKET_ADVERSO,,FUERA DE RANGO,"GATE_WEAK_STAGE,GATE_MARKET_ADVERSO",,FUERA DE RANGO,NONE,2,85.0,Unknown,XLK
501,,,,,,,2.650091614934034,,129.51548767089844,66.34620666503906,,123.87999725341797,,,,,,17998880.15,,0.651551813349899,STAGE 3 TRANSICIÓN,LOW,50.0,MOMENTUM_STABLE,50.0,CSCO,OK,False,False,50.0,,7.0,0,,,,FUERA DE RANGO,GATE_MARKET_ADVERSO,,FUERA DE RANGO,"GATE_WEAK_STAGE,GATE_MARKET_ADVERSO",,FUERA DE RANGO,NONE,2,85.0,Unknown,XLK
501,,,,,,,7.278548026927261,,310.009765625,114.98999786376953,,162.52000427246094,,,,,,35730864.3,,1.2705090371967298,STAGE 3 TRANSICIÓN,LOW,50.0,MOMENTUM_STABLE,50.0,ORCL,OK,False,False,50.0,,7.0,0,,,,FUERA DE RANGO,GATE_MARKET_ADVERSO,,FUERA DE RANGO,"GATE_WEAK_STAGE,GATE_MARKET_ADVERSO",,FUERA DE RANGO,NONE,2,85.0,Unknown,XLK
501,,,,,,,15.714900664621984,,1092.5828857421875,846.2650146484375,,974.030029296875,,,,,,2375852.6,,1.0133423260348726,STAGE 3 TRANSICIÓN,LOW,50.0,MOMENTUM_STABLE,50.0,COST,OK,False,False,50.0,,7.0,0,,,,FUERA DE RANGO,GATE_MARKET_ADVERSO,,FUERA DE RANGO,"GATE_WEAK_STAGE,GATE_MARKET_ADVERSO",,FUERA DE RANGO,NONE,2,85.0,Unknown,XLK
501,,,,,,,20.262646049372883,,722.2277221679688,203.6138153076172,,595.063720703125,,,,,,6397955.55,,1.1143420650992175,STAGE 3 TRANSICIÓN,LOW,50.0,MOMENTUM_STABLE,50.0,AMAT,OK,False,False,50.0,,7.0,0,,,,FUERA DE RANGO,GATE_MARKET_ADVERSO,,FUERA DE RANGO,"GATE_WEAK_STAGE,GATE_MARKET_ADVERSO",,FUERA DE RANGO,NONE,2,85.0,Unknown,XLK
501,,,,,,,14.436132780329604,,432.8701477050781,130.48727416992188,,345.73272705078125,,,,,,9379515.05,,0.8358748782006592,STAGE 3 TRANSICIÓN,LOW,50.0,MOMENTUM_STABLE,50.0,LRCX,OK,False,False,50.0,,7.0,0,,,,FUERA DE RANGO,GATE_MARKET_ADVERSO,,FUERA DE RANGO,"GATE_WEAK_STAGE,GATE_MARKET_ADVERSO",,FUERA DE RANGO,NONE,2,85.0,Unknown,XLK
501,,,,,,,4.271606810376483,,217.77000427246094,142.76341247558594,,217.77000427246094,,,,,,10010040.6,,0.5869918249882023,STAGE 3 TRANSICIÓN,LOW,50.0,MOMENTUM_STABLE,50.0,CVX,OK,False,False,50.0,,7.0,0,,,,FUERA DE RANGO,GATE_MARKET_ADVERSO,,FUERA DE RANGO,"GATE_WEAK_STAGE,GATE_MARKET_ADVERSO",,FUERA DE RANGO,NONE,2,85.0,Unknown,XLK
501,,,,,,,1.1909714145660788,,64.48101043701172,46.242576599121094,,64.48101043701172,,,,,,36635583.55,,0.8531970278933909,STAGE 3 TRANSICIÓN,LOW,50.0,MOMENTUM_STABLE,50.0,BAC,OK,False,False,50.0,,7.0,0,,,,FUERA DE RANGO,GATE_MARKET_ADVERSO,,FUERA DE RANGO,"GATE_WEAK_STAGE,GATE_MARKET_ADVERSO",,FUERA DE RANGO,NONE,2,85.0,Unknown,XLK
501,,,,,,,21.942299166600236,,1062.92822265625,467.402587890625,,931.6117553710938,,,,,,2387862.85,,0.9223130214534725,STAGE 3 TRANSICIÓN,LOW,50.0,MOMENTUM_STABLE,50.0,CAT,OK,False,False,50.0,,7.0,0,,,,FUERA DE RANGO,GATE_MARKET_ADVERSO,,FUERA DE RANGO,"GATE_WEAK_STAGE,GATE_MARKET_ADVERSO",,FUERA DE RANGO,NONE,2,85.0,Unknown,XLK
501,,,,,,,1.2320741613524235,,91.4443359375,64.3298568725586,,91.4443359375,,,,,,15403964.4,,0.8330639870863373,STAGE 3 TRANSICIÓN,LOW,50.0,MOMENTUM_STABLE,50.0,KO,OK,False,False,50.0,,7.0,0,,,,FUERA DE RANGO,GATE_MARKET_ADVERSO,,FUERA DE RANGO,"GATE_WEAK_STAGE,GATE_MARKET_ADVERSO",,FUERA DE RANGO,NONE,2,85.0,Unknown,XLK
501,,,,,,,3.598698128705408,,155.53192138671875,76.33840942382812,,155.53192138671875,,,,,,9663467.95,,0.7522929695234308,STAGE 3 TRANSICIÓN,LOW,50.0,MOMENTUM_STABLE,50.0,MRK,OK,False,False,50.0,,7.0,0,,,,FUERA DE RANGO,GATE_MARKET_ADVERSO,,FUERA DE RANGO,"GATE_WEAK_STAGE,GATE_MARKET_ADVERSO",,FUERA DE RANGO,NONE,2,85.0,Unknown,XLK
501,,,,,,,2.371202914424339,,164.72073364257812,135.0343780517578,,150.37742614746094,,,,,,7956683.45,,0.9063285029895213,STAGE 3 TRANSICIÓN,LOW,50.0,MOMENTUM_STABLE,50.0,PG,OK,False,False,50.0,,7.0,0,,,,FUERA DE RANGO,GATE_MARKET_ADVERSO,,FUERA DE RANGO,"GATE_WEAK_STAGE,GATE_MARKET_ADVERSO",,FUERA DE RANGO,NONE,2,85.0,Unknown,XLK
501,,,,,,,1.631154943519001,,107.34169006347656,62.77539825439453,,107.34169006347656,,,,,,1384151.65,,1.1830589516690604,STAGE 3 TRANSICIÓN,LOW,50.0,MOMENTUM_STABLE,50.0,HSBC,OK,False,False,50.0,,7.0,0,,,,FUERA DE RANGO,GATE_MARKET_ADVERSO,,FUERA DE RANGO,"GATE_WEAK_STAGE,GATE_MARKET_ADVERSO",,FUERA DE RANGO,NONE,2,85.0,Unknown,XLK
501,,,,,,,30.114845431809314,,588.4000244140625,110.54472351074219,,588.4000244140625,,,,,,11334132.55,,0.5032190134391891,STAGE 3 TRANSICIÓN,LOW,50.0,MOMENTUM_STABLE,50.0,DELL,OK,False,False,50.0,,7.0,0,,,,FUERA DE RANGO,GATE_MARKET_ADVERSO,,FUERA DE RANGO,"GATE_WEAK_STAGE,GATE_MARKET_ADVERSO",,FUERA DE RANGO,NONE,2,85.0,Unknown,XLK
501,,,,,,,8.542994718355049,,433.6795959472656,255.97283935546875,,433.6795959472656,,,,,,5105373.15,,0.6417479983808823,STAGE 3 TRANSICIÓN,LOW,50.0,MOMENTUM_STABLE,50.0,UNH,OK,False,False,50.0,,7.0,0,,,,FUERA DE RANGO,GATE_MARKET_ADVERSO,,FUERA DE RANGO,"GATE_WEAK_STAGE,GATE_MARKET_ADVERSO",,FUERA DE RANGO,NONE,2,85.0,Unknown,XLK
501,,,,,,,8.778876455892222,,381.2200012207031,272.9098205566406,,381.2200012207031,,,,,,4255636.0,,0.8717662882821745,STAGE 3 TRANSICIÓN,LOW,50.0,MOMENTUM_STABLE,50.0,GE,OK,False,False,50.0,,7.0,0,,,,FUERA DE RANGO,GATE_MARKET_ADVERSO,,FUERA DE RANGO,"GATE_WEAK_STAGE,GATE_MARKET_ADVERSO",,FUERA DE RANGO,NONE,2,85.0,Unknown,XLK
501,,,,,,,18.143751699451187,,396.0,141.6699981689453,,396.0,,,,,,6923934.25,,0.7346957403588863,STAGE 3 TRANSICIÓN,LOW,50.0,MOMENTUM_STABLE,50.0,PANW,OK,False,False,50.0,,7.0,0,,,,FUERA DE RANGO,GATE_MARKET_ADVERSO,,FUERA DE RANGO,"GATE_WEAK_STAGE,GATE_MARKET_ADVERSO",,FUERA DE RANGO,NONE,2,85.0,Unknown,XLK
501,,,,,,,19.678938411778525,,439.4599914550781,104.55000305175781,,333.20001220703125,,,,,,5753281.7,,1.0436363649636693,STAGE 3 TRANSICIÓN,LOW,50.0,MOMENTUM_STABLE,50.0,ARM,OK,False,False,50.0,,7.0,0,,,,FUERA DE RANGO,GATE_MARKET_ADVERSO,,FUERA DE RANGO,"GATE_WEAK_STAGE,GATE_MARKET_ADVERSO",,FUERA DE RANGO,NONE,2,85.0,Unknown,XLK
501,,,,,,,4.784216951434829,,227.2987823486328,148.49374389648438,,227.2987823486328,,,,,,4984448.3,,0.9367869258469388,STAGE 3 TRANSICIÓN,LOW,50.0,MOMENTUM_STABLE,50.0,MS,OK,False,False,50.0,,7.0,0,,,,FUERA DE RANGO,GATE_MARKET_ADVERSO,,FUERA DE RANGO,"GATE_WEAK_STAGE,GATE_MARKET_ADVERSO",,FUERA DE RANGO,NONE,2,85.0,Unknown,XLK
501,,,,,,,4.345043430643905,,200.1699981689453,140.5944061279297,,200.1699981689453,,,,,,4409006.45,,0.8161088083688333,STAGE 3 TRANSICIÓN,LOW,50.0,MOMENTUM_STABLE,50.0,PM,OK,False,False,50.0,,7.0,0,,,,FUERA DE RANGO,GATE_MARKET_ADVERSO,,FUERA DE RANGO,"GATE_WEAK_STAGE,GATE_MARKET_ADVERSO",,FUERA DE RANGO,NONE,2,85.0,Unknown,XLK
501,22.81999969482422,23.808999729156493,24.430018997192384,24.56633509318034,24.491194915771484,-0.11746134451924295,0.2540531609799414,1.1132916931526644,25.010000228881836,22.81999969482422,-8.756499456279808,25.010000228881836,-8.756499456279808,-0.0783522017820768,-0.0840312433393845,-0.05230735011895815,-0.04563673171446503,272296.9,6213815.174901581,1.3866151248875767,STAGE 1 BASE,HIGH,41.61,MOMENTUM_DETERIORATING,50.0,JPM-PC,OK,False,False,50.0,21.49,5.83,150,3423.0,72.23,,FUERA DE RANGO,"GATE_ILIQUIDITY,GATE_MARKET_ADVERSO",,FUERA DE RANGO,GATE_MARKET_ADVERSO,,FUERA DE RANGO,NONE,2,65.0,Unknown,XLK
501,,,,,,,2.1533397545355633,,124.13500213623047,67.5999984741211,,82.7300033569336,,,,,,33271215.65,,0.9979230500404034,STAGE 3 TRANSICIÓN,LOW,50.0,MOMENTUM_STABLE,50.0,NFLX,OK,False,False,50.0,,7.0,0,,,,FUERA DE RANGO,GATE_MARKET_ADVERSO,,FUERA DE RANGO,"GATE_WEAK_STAGE,GATE_MARKET_ADVERSO",,FUERA DE RANGO,NONE,2,85.0,Unknown,XLK
501,,,,,,,6.643536171008126,,395.59716796875,289.8900146484375,,353.0185241699219,,,,,,4721772.6,,1.2719697683026923,STAGE 3 TRANSICIÓN,LOW,50.0,MOMENTUM_STABLE,50.0,HD,OK,False,False,50.0,,7.0,0,,,,FUERA DE RANGO,GATE_MARKET_ADVERSO,,FUERA DE RANGO,"GATE_WEAK_STAGE,GATE_MARKET_ADVERSO",,FUERA DE RANGO,NONE,2,85.0,Unknown,XLK
501,21.59000015258789,22.44049997329712,23.071747550964357,23.578020197550455,23.70974822998047,-0.5883999925993422,0.28620404038913244,1.3256324148512177,24.407276153564453,21.59000015258789,-11.542771029634647,23.8700008392334,-9.551741124776314,-0.06979745781069568,-0.08719103004620987,-0.08258471806895196,-0.08528401310216793,277055.4,5981626.128275299,1.2115122101933402,STAGE 4 BAJISTA,MEDIUM,39.84,MOMENTUM_DETERIORATING,50.0,JPM-PD,OK,False,False,50.0,20.3,5.97,155,3346.45,70.82,,FUERA DE RANGO,"GATE_STAGE_4,GATE_ILIQUIDITY,GATE_MARKET_ADVERSO",,FUERA DE RANGO,"GATE_WEAK_STAGE,GATE_MARKET_ADVERSO",,FUERA DE RANGO,NONE,2,65.0,Unknown,XLK
501,,,,,,,3.0673441858958186,,163.63934326171875,118.20230865478516,,163.08999633789062,,,,,,2664754.3,,0.5911561902724015,STAGE 3 TRANSICIÓN,LOW,50.0,MOMENTUM_STABLE,50.0,NVS,OK,False,False,50.0,,7.0,0,,,,FUERA DE RANGO,GATE_MARKET_ADVERSO,,FUERA DE RANGO,"GATE_WEAK_STAGE,GATE_MARKET_ADVERSO",,FUERA DE RANGO,NONE,2,85.0,Unknown,XLK
501,,,,,,,3.0837658533350014,,216.56854248046875,141.81060791015625,,216.56854248046875,,,,,,956247.5,,0.6767599392416712,STAGE 3 TRANSICIÓN,LOW,50.0,MOMENTUM_STABLE,50.0,RY,OK,False,False,50.0,,7.0,0,,,,FUERA DE RANGO,GATE_MARKET_ADVERSO,,FUERA DE RANGO,"GATE_WEAK_STAGE,GATE_MARKET_ADVERSO",,FUERA DE RANGO,NONE,2,85.0,Unknown,XLK
501,95.13999938964844,95.11499938964843,91.87085861206054,87.30073211669922,83.70291877746583,2.838338734237511,1.5980952783870435,1.6797301751516742,98.94999694824219,68.4334716796875,-3.850427161293035,98.94999694824219,-3.850427161293035,0.046529485833714634,0.23773266314819796,0.04425374426674078,0.3444073291615295,6347996.8,603948411.6774902,1.1778033662524845,STAGE 2 ALCISTA,HIGH,68.96,MOMENTUM_DETERIORATING,50.0,SHEL,OK,False,False,60.0,93.92,1.28,42,3995.88,88.16,,FUERA DE RANGO,GATE_MARKET_ADVERSO,,FUERA DE RANGO,GATE_MARKET_ADVERSO,,FUERA DE RANGO,NONE,3,85.0,Unknown,XLK
501,,,,,,,11.88698346208304,,262.489990234375,87.5625,,262.489990234375,,,,,,11411379.8,,0.610495498537346,STAGE 3 TRANSICIÓN,LOW,50.0,MOMENTUM_STABLE,50.0,CRWD,OK,False,False,50.0,,7.0,0,,,,FUERA DE RANGO,GATE_MARKET_ADVERSO,,FUERA DE RANGO,"GATE_WEAK_STAGE,GATE_MARKET_ADVERSO",,FUERA DE RANGO,NONE,2,85.0,Unknown,XLK
501,,,,,,,2.9521014902909686,,187.61692810058594,94.80999755859375,,132.32000732421875,,,,,,8335317.05,,0.6872373259035179,STAGE 3 TRANSICIÓN,LOW,50.0,MOMENTUM_STABLE,50.0,BABA,OK,False,False,50.0,,7.0,0,,,,FUERA DE RANGO,GATE_MARKET_ADVERSO,,FUERA DE RANGO,"GATE_WEAK_STAGE,GATE_MARKET_ADVERSO",,FUERA DE RANGO,NONE,2,85.0,Unknown,XLK
501,,,,,,,25.46830010781198,,1146.455078125,730.2374267578125,,1146.455078125,,,,,,2126338.8,,0.8668778465595418,STAGE 3 TRANSICIÓN,LOW,50.0,MOMENTUM_STABLE,50.0,GS,OK,False,False,50.0,,7.0,0,,,,FUERA DE RANGO,GATE_MARKET_ADVERSO,,FUERA DE RANGO,"GATE_WEAK_STAGE,GATE_MARKET_ADVERSO",,FUERA DE RANGO,NONE,2,85.0,Unknown,XLK
501,,,,,,,0.4798836228721644,,24.1299991607666,14.619999885559082,,24.1299991607666,,,,,,2909798.1,,0.8365741939277505,STAGE 3 TRANSICIÓN,LOW,50.0,MOMENTUM_STABLE,50.0,MUFG,OK,False,False,50.0,,7.0,0,,,,FUERA DE RANGO,GATE_MARKET_ADVERSO,,FUERA DE RANGO,"GATE_WEAK_STAGE,GATE_MARKET_ADVERSO",,FUERA DE RANGO,NONE,2,85.0,Unknown,XLK
501,,,,,,,7.977925847405978,,330.5873718261719,150.79347229003906,,303.9935302734375,,,,,,5994700.25,,0.8331867802731254,STAGE 3 TRANSICIÓN,LOW,50.0,MOMENTUM_STABLE,50.0,TXN,OK,False,False,50.0,,7.0,0,,,,FUERA DE RANGO,GATE_MARKET_ADVERSO,,FUERA DE RANGO,"GATE_WEAK_STAGE,GATE_MARKET_ADVERSO",,FUERA DE RANGO,NONE,2,85.0,Unknown,XLK
501,,,,,,,7.928539750574102,,301.3693542480469,97.74768829345703,,230.1099090576172,,,,,,9600328.05,,0.8088432978079326,STAGE 3 TRANSICIÓN,LOW,50.0,MOMENTUM_STABLE,50.0,KLAC,OK,False,False,50.0,,7.0,0,,,,FUERA DE RANGO,GATE_MARKET_ADVERSO,,FUERA DE RANGO,"GATE_WEAK_STAGE,GATE_MARKET_ADVERSO",,FUERA DE RANGO,NONE,2,85.0,Unknown,XLK
501,,,,,,,35.07034181046412,,1174.8599853515625,546.9464721679688,,1079.1800537109375,,,,,,2130726.7,,0.6743868183563851,STAGE 3 TRANSICIÓN,LOW,50.0,MOMENTUM_STABLE,50.0,GEV,OK,False,False,50.0,,7.0,0,,,,FUERA DE RANGO,GATE_MARKET_ADVERSO,,FUERA DE RANGO,"GATE_WEAK_STAGE,GATE_MARKET_ADVERSO",,FUERA DE RANGO,NONE,2,85.0,Unknown,XLK
501,,,,,,,7.357663287572758,,210.5,116.12999725341797,,210.5,,,,,,4766691.35,,0.9513364023454131,STAGE 3 TRANSICIÓN,LOW,50.0,MOMENTUM_STABLE,50.0,ANET,OK,False,False,50.0,,7.0,0,,,,FUERA DE RANGO,GATE_MARKET_ADVERSO,,FUERA DE RANGO,"GATE_WEAK_STAGE,GATE_MARKET_ADVERSO",,FUERA DE RANGO,NONE,2,85.0,Unknown,XLK
501,,,,,,,3.342770842027448,,208.6199951171875,146.73028564453125,,173.3000030517578,,,,,,2998900.7,,1.0181777609375329,STAGE 3 TRANSICIÓN,LOW,50.0,MOMENTUM_STABLE,50.0,AZN,OK,False,False,50.0,,7.0,0,,,,FUERA DE RANGO,GATE_MARKET_ADVERSO,,FUERA DE RANGO,"GATE_WEAK_STAGE,GATE_MARKET_ADVERSO",,FUERA DE RANGO,NONE,2,85.0,Unknown,XLK
408,,,,,,,108.16675638353911,,2335.0,112.19999694824219,,1887.0400390625,,,,,,9710278.15,,0.6097624505225939,STAGE 3 TRANSICIÓN,LOW,50.0,MOMENTUM_STABLE,50.0,SNDK,OK,False,False,50.0,,7.0,0,,,,FUERA DE RANGO,GATE_MARKET_ADVERSO,,FUERA DE RANGO,"GATE_WEAK_STAGE,GATE_MARKET_ADVERSO",,FUERA DE RANGO,NONE,2,85.0,Unknown,XLK
501,,,,,,,3.9027441970074754,,225.49000549316406,154.70376586914062,,225.49000549316406,,,,,,3923897.3,,0.9188176255275591,STAGE 3 TRANSICIÓN,LOW,50.0,MOMENTUM_STABLE,50.0,RTX,OK,False,False,50.0,,7.0,0,,,,FUERA DE RANGO,GATE_MARKET_ADVERSO,,FUERA DE RANGO,"GATE_WEAK_STAGE,GATE_MARKET_ADVERSO",,FUERA DE RANGO,NONE,2,85.0,Unknown,XLK
501,,,,,,,15.584167139201629,,678.5999755859375,437.5656433105469,,678.5999755859375,,,,,,2228954.4,,0.7833215430517556,STAGE 3 TRANSICIÓN,LOW,50.0,MOMENTUM_STABLE,50.0,TMO,OK,False,False,50.0,,7.0,0,,,,FUERA DE RANGO,GATE_MARKET_ADVERSO,,FUERA DE RANGO,"GATE_WEAK_STAGE,GATE_MARKET_ADVERSO",,FUERA DE RANGO,NONE,2,85.0,Unknown,XLK
501,,,,,,,1.964846564420763,,94.8288803100586,73.00088500976562,,90.29000091552734,,,,,,14102064.0,,0.901724740435159,STAGE 3 TRANSICIÓN,LOW,50.0,MOMENTUM_STABLE,50.0,WFC,OK,False,False,50.0,,7.0,0,,,,FUERA DE RANGO,GATE_MARKET_ADVERSO,,FUERA DE RANGO,"GATE_WEAK_STAGE,GATE_MARKET_ADVERSO",,FUERA DE RANGO,NONE,2,85.0,Unknown,XLK
501,,,,,,,5.311621173895748,,275.6678466796875,146.3800048828125,,221.5399932861328,,,,,,1899293.65,,1.113031152397103,STAGE 3 TRANSICIÓN,LOW,50.0,MOMENTUM_STABLE,50.0,SAP,OK,False,False,50.0,,7.0,0,,,,FUERA DE RANGO,GATE_MARKET_ADVERSO,,FUERA DE RANGO,"GATE_WEAK_STAGE,GATE_MARKET_ADVERSO",,FUERA DE RANGO,NONE,2,85.0,Unknown,XLK
501,,,,,,,13.454045908818829,,316.3519592285156,73.67494201660156,,262.3599853515625,,,,,,18120302.55,,0.8977858374666046,STAGE 3 TRANSICIÓN,LOW,50.0,MOMENTUM_STABLE,50.0,MRVL,OK,False,False,50.0,,7.0,0,,,,FUERA DE RANGO,GATE_MARKET_ADVERSO,,FUERA DE RANGO,"GATE_WEAK_STAGE,GATE_MARKET_ADVERSO",,FUERA DE RANGO,NONE,2,85.0,Unknown,XLK
501,,,,,,,10.406362303735001,,444.1199951171875,266.57513427734375,,444.1199951171875,,,,,,3179729.35,,1.0815345022997005,STAGE 3 TRANSICIÓN,LOW,50.0,MOMENTUM_STABLE,50.0,AMGN,OK,False,False,50.0,,7.0,0,,,,FUERA DE RANGO,GATE_MARKET_ADVERSO,,FUERA DE RANGO,"GATE_WEAK_STAGE,GATE_MARKET_ADVERSO",,FUERA DE RANGO,NONE,2,85.0,Unknown,XLK
501,22.5,23.251749992370605,24.018470001220702,24.330197410583494,24.30740915298462,-0.30067127741586486,0.27322637096148883,1.2143394264955059,24.840787887573242,22.5,-9.423162816603881,24.725000381469727,-8.99899028166351,-0.07483551470650518,-0.08662628608292977,-0.05819820432626788,-0.0563773965667006,205712.8,4628538.0,0.9121843657759751,STAGE 1 BASE,HIGH,41.16,MOMENTUM_DETERIORATING,50.0,BAC-PB,OK,False,False,50.0,21.17,5.91,150,3375.0,71.5,,FUERA DE RANGO,"GATE_ILIQUIDITY,GATE_MARKET_ADVERSO",,FUERA DE RANGO,GATE_MARKET_ADVERSO,,FUERA DE RANGO,GATE_LOW_LIQUIDITY,2,65.0,Unknown,XLK
501,,,,,,,3.2310317617173916,,248.2899932861328,166.5,,199.8699951171875,,,,,,313882.1,,0.9211802775628174,STAGE 3 TRANSICIÓN,LOW,50.0,MOMENTUM_STABLE,50.0,TM,OK,False,False,50.0,,7.0,0,,,,FUERA DE RANGO,GATE_MARKET_ADVERSO,,FUERA DE RANGO,"GATE_WEAK_STAGE,GATE_MARKET_ADVERSO",,FUERA DE RANGO,NONE,2,85.0,Unknown,XLK
501,,,,,,,3.308838220206416,,144.93312072753906,91.98409271240234,,139.9982147216797,,,,,,9588238.15,,0.7931136962842333,STAGE 3 TRANSICIÓN,LOW,50.0,MOMENTUM_STABLE,50.0,C,OK,False,False,50.0,,7.0,0,,,,FUERA DE RANGO,GATE_MARKET_ADVERSO,,FUERA DE RANGO,"GATE_WEAK_STAGE,GATE_MARKET_ADVERSO",,FUERA DE RANGO,NONE,2,85.0,Unknown,XLK
501,,,,,,,7.5186664355622765,,544.8457641601562,385.5833740234375,,522.33984375,,,,,,1989715.1,,0.9588317443034935,STAGE 3 TRANSICIÓN,LOW,50.0,MOMENTUM_STABLE,50.0,LIN,OK,False,False,50.0,,7.0,0,,,,FUERA DE RANGO,GATE_MARKET_ADVERSO,,FUERA DE RANGO,"GATE_WEAK_STAGE,GATE_MARKET_ADVERSO",,FUERA DE RANGO,NONE,2,85.0,Unknown,XLK
501,,,,,,,2.214755215803161,,96.58228302001953,50.46330642700195,,96.58228302001953,,,,,,2455809.35,,0.9415987442184793,STAGE 3 TRANSICIÓN,LOW,50.0,MOMENTUM_STABLE,50.0,BHP,OK,False,False,50.0,,7.0,0,,,,FUERA DE RANGO,GATE_MARKET_ADVERSO,,FUERA DE RANGO,"GATE_WEAK_STAGE,GATE_MARKET_ADVERSO",,FUERA DE RANGO,NONE,2,85.0,Unknown,XLK
501,,,,,,,2.8131254855413363,,88.02348327636719,59.39313888549805,,85.98664093017578,,,,,,12311569.45,,0.8574446209211776,STAGE 3 TRANSICIÓN,LOW,50.0,MOMENTUM_STABLE,50.0,APH,OK,False,False,50.0,,7.0,0,,,,FUERA DE RANGO,GATE_MARKET_ADVERSO,,FUERA DE RANGO,"GATE_WEAK_STAGE,GATE_MARKET_ADVERSO",,FUERA DE RANGO,NONE,2,85.0,Unknown,XLK
501,,,,,,,49.902541815861596,,1092.3848876953125,210.389892578125,,993.9931640625,,,,,,3738004.85,,0.6798271008128841,STAGE 3 TRANSICIÓN,LOW,50.0,MOMENTUM_STABLE,50.0,STX,OK,False,False,50.0,,7.0,0,,,,FUERA DE RANGO,GATE_MARKET_ADVERSO,,FUERA DE RANGO,"GATE_WEAK_STAGE,GATE_MARKET_ADVERSO",,FUERA DE RANGO,NONE,2,85.0,Unknown,XLK
501,,,,,,,6.6969506652173285,,326.8851013183594,204.30442810058594,,288.1628723144531,,,,,,5481088.35,,0.6642233745420287,STAGE 3 TRANSICIÓN,LOW,50.0,MOMENTUM_STABLE,50.0,IBM,OK,False,False,50.0,,7.0,0,,,,FUERA DE RANGO,GATE_MARKET_ADVERSO,,FUERA DE RANGO,"GATE_WEAK_STAGE,GATE_MARKET_ADVERSO",,FUERA DE RANGO,NONE,2,85.0,Unknown,XLK
501,,,,,,,5.954420590264654,,381.78155517578125,290.5535888671875,,361.57000732421875,,,,,,3150727.1,,0.9872775081028122,STAGE 3 TRANSICIÓN,LOW,50.0,MOMENTUM_STABLE,50.0,AXP,OK,False,False,50.0,,7.0,0,,,,FUERA DE RANGO,GATE_MARKET_ADVERSO,,FUERA DE RANGO,"GATE_WEAK_STAGE,GATE_MARKET_ADVERSO",,FUERA DE RANGO,NONE,2,85.0,Unknown,XLK
501,,,,,,,0.2842887941236948,,15.050000190734863,9.532472610473633,,15.050000190734863,,,,,,7395657.0,,0.820243556454822,STAGE 3 TRANSICIÓN,LOW,50.0,MOMENTUM_STABLE,50.0,SAN,OK,False,False,50.0,,7.0,0,,,,FUERA DE RANGO,GATE_MARKET_ADVERSO,,FUERA DE RANGO,"GATE_WEAK_STAGE,GATE_MARKET_ADVERSO",,FUERA DE RANGO,NONE,2,85.0,Unknown,XLK
501,,,,,,,9.032313645869339,,248.74249267578125,122.9443130493164,,201.97000122070312,,,,,,14873166.7,,0.6709622907675741,STAGE 3 TRANSICIÓN,LOW,50.0,MOMENTUM_STABLE,50.0,QCOM,OK,False,False,50.0,,7.0,0,,,,FUERA DE RANGO,GATE_MARKET_ADVERSO,,FUERA DE RANGO,"GATE_WEAK_STAGE,GATE_MARKET_ADVERSO",,FUERA DE RANGO,NONE,2,85.0,Unknown,XLK
501,,,,,,,1.9629293707038251,,124.80000305175781,77.19152069091797,,124.80000305175781,,,,,,1644178.45,,0.48490417813224596,STAGE 3 TRANSICIÓN,LOW,50.0,MOMENTUM_STABLE,50.0,TD,OK,False,False,50.0,,7.0,0,,,,FUERA DE RANGO,GATE_MARKET_ADVERSO,,FUERA DE RANGO,"GATE_WEAK_STAGE,GATE_MARKET_ADVERSO",,FUERA DE RANGO,NONE,2,85.0,Unknown,XLK
501,,,,,,,1.6398987653259742,,93.5999984741211,55.922393798828125,,93.12000274658203,,,,,,1576425.2,,0.8418439390590813,STAGE 3 TRANSICIÓN,LOW,50.0,MOMENTUM_STABLE,50.0,TTE,OK,False,False,50.0,,7.0,0,,,,FUERA DE RANGO,GATE_MARKET_ADVERSO,,FUERA DE RANGO,"GATE_WEAK_STAGE,GATE_MARKET_ADVERSO",,FUERA DE RANGO,NONE,2,85.0,Unknown,XLK
501,,,,,,,11.085571544836498,,444.1268615722656,222.418212890625,,395.42999267578125,,,,,,3353833.5,,0.7288883005074641,STAGE 3 TRANSICIÓN,LOW,50.0,MOMENTUM_STABLE,50.0,ADI,OK,False,False,50.0,,7.0,0,,,,FUERA DE RANGO,GATE_MARKET_ADVERSO,,FUERA DE RANGO,"GATE_WEAK_STAGE,GATE_MARKET_ADVERSO",,FUERA DE RANGO,NONE,2,85.0,Unknown,XLK
501,,,,,,,0.9996419189465933,,51.45000076293945,36.56254577636719,,51.45000076293945,,,,,,21102542.7,,0.8456921165239486,STAGE 3 TRANSICIÓN,LOW,50.0,MOMENTUM_STABLE,50.0,VZ,OK,False,False,50.0,,7.0,0,,,,FUERA DE RANGO,GATE_MARKET_ADVERSO,,FUERA DE RANGO,"GATE_WEAK_STAGE,GATE_MARKET_ADVERSO",,FUERA DE RANGO,NONE,2,85.0,Unknown,XLK
501,,,,,,,6.9494579080118335,,179.00999450683594,95.4000015258789,,158.52999877929688,,,,,,10648578.7,,0.804931272189405,STAGE 3 TRANSICIÓN,LOW,50.0,MOMENTUM_STABLE,50.0,SHOP,OK,False,False,50.0,,7.0,0,,,,FUERA DE RANGO,GATE_MARKET_ADVERSO,,FUERA DE RANGO,"GATE_WEAK_STAGE,GATE_MARKET_ADVERSO",,FUERA DE RANGO,NONE,2,85.0,Unknown,XLK
501,,,,,,,3.5884760866339813,,153.04669189453125,107.89356231689453,,152.6699981689453,,,,,,5891204.65,,0.8993734413894447,STAGE 3 TRANSICIÓN,LOW,50.0,MOMENTUM_STABLE,50.0,GILD,OK,False,False,50.0,,7.0,0,,,,FUERA DE RANGO,GATE_MARKET_ADVERSO,,FUERA DE RANGO,"GATE_WEAK_STAGE,GATE_MARKET_ADVERSO",,FUERA DE RANGO,NONE,2,85.0,Unknown,XLK
501,,,,,,,8.936253791581716,,264.4169921875,149.85635375976562,,263.9656066894531,,,,,,12718115.7,,0.6740710811429401,STAGE 3 TRANSICIÓN,LOW,50.0,MOMENTUM_STABLE,50.0,CRM,OK,False,False,50.0,,7.0,0,,,,FUERA DE RANGO,GATE_MARKET_ADVERSO,,FUERA DE RANGO,"GATE_WEAK_STAGE,GATE_MARKET_ADVERSO",,FUERA DE RANGO,NONE,2,85.0,Unknown,XLK
501,,,,,,,16.5250787698167,,709.47998046875,435.1921081542969,,709.47998046875,,,,,,1348099.7,,0.8531223617956447,STAGE 3 TRANSICIÓN,LOW,50.0,MOMENTUM_STABLE,50.0,DE,OK,False,False,50.0,,7.0,0,,,,FUERA DE RANGO,GATE_MARKET_ADVERSO,,FUERA DE RANGO,"GATE_WEAK_STAGE,GATE_MARKET_ADVERSO",,FUERA DE RANGO,NONE,2,85.0,Unknown,XLK
501,,,,,,,2.089491979532042,,114.99882507324219,91.71721649169922,,111.25,,,,,,8318951.25,,0.8572504857508331,STAGE 3 TRANSICIÓN,LOW,50.0,MOMENTUM_STABLE,50.0,DIS,OK,False,False,50.0,,7.0,0,,,,FUERA DE RANGO,GATE_MARKET_ADVERSO,,FUERA DE RANGO,"GATE_WEAK_STAGE,GATE_MARKET_ADVERSO",,FUERA DE RANGO,NONE,2,85.0,Unknown,XLK
501,,,,,,,2.231679765011912,,131.54940795898438,81.97532653808594,,116.66999816894531,,,,,,8588996.55,,0.8533046855164937,STAGE 3 TRANSICIÓN,LOW,50.0,MOMENTUM_STABLE,50.0,ABT,OK,False,False,50.0,,7.0,0,,,,FUERA DE RANGO,GATE_MARKET_ADVERSO,,FUERA DE RANGO,"GATE_WEAK_STAGE,GATE_MARKET_ADVERSO",,FUERA DE RANGO,NONE,2,85.0,Unknown,XLK
501,,,,,,,2.282982136241674,,165.4534454345703,128.14999389648438,,143.14085388183594,,,,,,9141212.95,,0.9202344421918319,STAGE 3 TRANSICIÓN,LOW,50.0,MOMENTUM_STABLE,50.0,PEP,OK,False,False,50.0,,7.0,0,,,,FUERA DE RANGO,GATE_MARKET_ADVERSO,,FUERA DE RANGO,"GATE_WEAK_STAGE,GATE_MARKET_ADVERSO",,FUERA DE RANGO,NONE,2,85.0,Unknown,XLK
501,,,,,,,4.798299136290494,,234.42770385742188,162.41000366210938,,194.51734924316406,,,,,,5251032.9,,0.8201544499940192,STAGE 3 TRANSICIÓN,LOW,50.0,MOMENTUM_STABLE,50.0,TMUS,OK,False,False,50.0,,7.0,0,,,,FUERA DE RANGO,GATE_MARKET_ADVERSO,,FUERA DE RANGO,"GATE_WEAK_STAGE,GATE_MARKET_ADVERSO",,FUERA DE RANGO,NONE,2,85.0,Unknown,XLK
501,,,,,,,2.317866342850128,,113.6500015258789,85.10184478759766,,113.6500015258789,,,,,,8396859.9,,0.9559761739028181,STAGE 3 TRANSICIÓN,LOW,50.0,MOMENTUM_STABLE,50.0,SCHW,OK,False,False,50.0,,7.0,0,,,,FUERA DE RANGO,GATE_MARKET_ADVERSO,,FUERA DE RANGO,"GATE_WEAK_STAGE,GATE_MARKET_ADVERSO",,FUERA DE RANGO,NONE,2,85.0,Unknown,XLK
501,,,,,,,7.681864525215587,,219.6999969482422,114.05188751220703,,219.6999969482422,,,,,,1043462.65,,0.794425176598319,STAGE 3 TRANSICIÓN,LOW,50.0,MOMENTUM_STABLE,50.0,SCCO,OK,False,False,50.0,,7.0,0,,,,FUERA DE RANGO,GATE_MARKET_ADVERSO,,FUERA DE RANGO,"GATE_WEAK_STAGE,GATE_MARKET_ADVERSO",,FUERA DE RANGO,NONE,2,85.0,Unknown,XLK
501,,,,,,,1.176384246018784,,60.937870025634766,34.32636642456055,,50.958831787109375,,,,,,13412564.75,,0.6960335457094439,STAGE 3 TRANSICIÓN,LOW,50.0,MOMENTUM_STABLE,50.0,NVO,OK,False,False,50.0,,7.0,0,,,,FUERA DE RANGO,GATE_MARKET_ADVERSO,,FUERA DE RANGO,"GATE_WEAK_STAGE,GATE_MARKET_ADVERSO",,FUERA DE RANGO,NONE,2,85.0,Unknown,XLK
501,,,,,,,13.917480753550016,,459.9599914550781,313.2000427246094,,459.9599914550781,,,,,,2082028.35,,0.8377249041781779,STAGE 3 TRANSICIÓN,LOW,50.0,MOMENTUM_STABLE,50.0,ETN,OK,False,False,50.0,,7.0,0,,,,FUERA DE RANGO,GATE_MARKET_ADVERSO,,FUERA DE RANGO,"GATE_WEAK_STAGE,GATE_MARKET_ADVERSO",,FUERA DE RANGO,NONE,2,85.0,Unknown,XLK
501,,,,,,,4.833681100243276,,251.12200927734375,163.53240966796875,,251.12200927734375,,,,,,2634396.15,,0.7181998804545778,STAGE 3 TRANSICIÓN,LOW,50.0,MOMENTUM_STABLE,50.0,WELL,OK,False,False,50.0,,7.0,0,,,,FUERA DE RANGO,GATE_MARKET_ADVERSO,,FUERA DE RANGO,"GATE_WEAK_STAGE,GATE_MARKET_ADVERSO",,FUERA DE RANGO,NONE,2,85.0,Unknown,XLK
501,,,,,,,0.5725459920278804,,28.41807746887207,20.20939826965332,,26.719999313354492,,,,,,38224535.9,,0.8611096832178936,STAGE 3 TRANSICIÓN,LOW,50.0,MOMENTUM_STABLE,50.0,T,OK,False,False,50.0,,7.0,0,,,,FUERA DE RANGO,GATE_MARKET_ADVERSO,,FUERA DE RANGO,"GATE_WEAK_STAGE,GATE_MARKET_ADVERSO",,FUERA DE RANGO,NONE,2,85.0,Unknown,XLK
501,,,,,,,4.836695067733727,,334.5029602050781,233.60000610351562,,274.31024169921875,,,,,,5886838.5,,0.8853767603782574,STAGE 3 TRANSICIÓN,LOW,50.0,MOMENTUM_STABLE,50.0,MCD,OK,False,False,50.0,,7.0,0,,,,FUERA DE RANGO,GATE_MARKET_ADVERSO,,FUERA DE RANGO,"GATE_WEAK_STAGE,GATE_MARKET_ADVERSO",,FUERA DE RANGO,NONE,2,85.0,Unknown,XLK
501,,,,,,,23.498859817091915,,1177.427734375,913.0429077148438,,1176.80078125,,,,,,536121.6,,0.6493526841671741,STAGE 3 TRANSICIÓN,LOW,50.0,MOMENTUM_STABLE,50.0,BLK,OK,False,False,50.0,,7.0,0,,,,FUERA DE RANGO,GATE_MARKET_ADVERSO,,FUERA DE RANGO,"GATE_WEAK_STAGE,GATE_MARKET_ADVERSO",,FUERA DE RANGO,NONE,2,85.0,Unknown,XLK
501,,,,,,,0.5806113230125759,,27.559999465942383,15.199999809265137,,27.559999465942383,,,,,,1420888.6,,1.047001151251407,STAGE 3 TRANSICIÓN,LOW,50.0,MOMENTUM_STABLE,50.0,SMFG,OK,False,False,50.0,,7.0,0,,,,FUERA DE RANGO,GATE_MARKET_ADVERSO,,FUERA DE RANGO,"GATE_WEAK_STAGE,GATE_MARKET_ADVERSO",,FUERA DE RANGO,NONE,2,85.0,Unknown,XLK
501,,,,,,,0.503972198915762,,29.020000457763672,22.286964416503906,,29.020000457763672,,,,,,32829880.7,,0.9955020640693343,STAGE 3 TRANSICIÓN,LOW,50.0,MOMENTUM_STABLE,50.0,PFE,OK,False,False,50.0,,7.0,0,,,,FUERA DE RANGO,GATE_MARKET_ADVERSO,,FUERA DE RANGO,"GATE_WEAK_STAGE,GATE_MARKET_ADVERSO",,FUERA DE RANGO,NONE,2,85.0,Unknown,XLK
501,,,,,,,26.985365630452634,,745.990478515625,112.9193344116211,,563.1392211914062,,,,,,6605064.35,,0.91624951390519,STAGE 3 TRANSICIÓN,LOW,50.0,MOMENTUM_STABLE,50.0,WDC,OK,False,False,50.0,,7.0,0,,,,FUERA DE RANGO,GATE_MARKET_ADVERSO,,FUERA DE RANGO,"GATE_WEAK_STAGE,GATE_MARKET_ADVERSO",,FUERA DE RANGO,NONE,2,85.0,Unknown,XLK
501,,,,,,,5.053734125130875,,309.1851806640625,211.9039306640625,,309.1851806640625,,,,,,2406165.5,,0.7279673821272893,STAGE 3 TRANSICIÓN,LOW,50.0,MOMENTUM_STABLE,50.0,UNP,OK,False,False,50.0,,7.0,0,,,,FUERA DE RANGO,GATE_MARKET_ADVERSO,,FUERA DE RANGO,"GATE_WEAK_STAGE,GATE_MARKET_ADVERSO",,FUERA DE RANGO,NONE,2,85.0,Unknown,XLK
501,,,,,,,5.675145849648138,,241.03509521484375,161.57479858398438,,227.3300018310547,,,,,,4098861.05,,0.87788313780483,STAGE 3 TRANSICIÓN,LOW,50.0,MOMENTUM_STABLE,50.0,DHR,OK,False,False,50.0,,7.0,0,,,,FUERA DE RANGO,GATE_MARKET_ADVERSO,,FUERA DE RANGO,"GATE_WEAK_STAGE,GATE_MARKET_ADVERSO",,FUERA DE RANGO,NONE,2,85.0,Unknown,XLK
501,,,,,,,1.309960711366164,,96.44304656982422,73.381103515625,,89.11982727050781,,,,,,11862238.35,,0.9548085838285318,STAGE 3 TRANSICIÓN,LOW,50.0,MOMENTUM_STABLE,50.0,NEE,OK,False,False,50.0,,7.0,0,,,,FUERA DE RANGO,GATE_MARKET_ADVERSO,,FUERA DE RANGO,"GATE_WEAK_STAGE,GATE_MARKET_ADVERSO",,FUERA DE RANGO,NONE,2,85.0,Unknown,XLK
501,,,,,,,0.5263668511647639,,29.639999389648438,17.178436279296875,,29.639999389648438,,,,,,1264559.7,,0.9548730676772319,STAGE 3 TRANSICIÓN,LOW,50.0,MOMENTUM_STABLE,50.0,BBVA,OK,False,False,50.0,,7.0,0,,,,FUERA DE RANGO,GATE_MARKET_ADVERSO,,FUERA DE RANGO,"GATE_WEAK_STAGE,GATE_MARKET_ADVERSO",,FUERA DE RANGO,NONE,2,85.0,Unknown,XLK
501,,,,,,,2.0288184914351146,,109.63262176513672,62.29195785522461,,106.80999755859375,,,,,,1741637.4,,0.7906054383076524,STAGE 3 TRANSICIÓN,LOW,50.0,MOMENTUM_STABLE,50.0,RIO,OK,False,False,50.0,,7.0,0,,,,FUERA DE RANGO,GATE_MARKET_ADVERSO,,FUERA DE RANGO,"GATE_WEAK_STAGE,GATE_MARKET_ADVERSO",,FUERA DE RANGO,NONE,2,85.0,Unknown,XLK
501,,,,,,,3.378905210564518,,141.22000122070312,83.04197692871094,,141.22000122070312,,,,,,6843414.85,,1.0455740528429311,STAGE 3 TRANSICIÓN,LOW,50.0,MOMENTUM_STABLE,50.0,COP,OK,False,False,50.0,,7.0,0,,,,FUERA DE RANGO,GATE_MARKET_ADVERSO,,FUERA DE RANGO,"GATE_WEAK_STAGE,GATE_MARKET_ADVERSO",,FUERA DE RANGO,NONE,2,85.0,Unknown,XLK
501,,,,,,,1.0882363027245503,,55.720001220703125,35.49435043334961,,55.720001220703125,,,,,,2154472.8,,0.7662923384319357,STAGE 3 TRANSICIÓN,LOW,50.0,MOMENTUM_STABLE,50.0,UBS,OK,False,False,50.0,,7.0,0,,,,FUERA DE RANGO,GATE_MARKET_ADVERSO,,FUERA DE RANGO,"GATE_WEAK_STAGE,GATE_MARKET_ADVERSO",,FUERA DE RANGO,NONE,2,85.0,Unknown,XLK
501,,,,,,,6.138334086024163,,252.14999389648438,179.1199951171875,,240.19000244140625,,,,,,7437140.6,,1.3736074856511387,STAGE 3 TRANSICIÓN,LOW,50.0,MOMENTUM_STABLE,50.0,BA,OK,False,False,50.0,,7.0,0,,,,FUERA DE RANGO,GATE_MARKET_ADVERSO,,FUERA DE RANGO,"GATE_WEAK_STAGE,GATE_MARKET_ADVERSO",,FUERA DE RANGO,NONE,2,85.0,Unknown,XLK
501,,,,,,,3.034756829940667,,167.88031005859375,122.83999633789062,,161.55027770996094,,,,,,9246762.45,,1.2064924410381064,STAGE 3 TRANSICIÓN,LOW,50.0,MOMENTUM_STABLE,50.0,TJX,OK,False,False,50.0,,7.0,0,,,,FUERA DE RANGO,GATE_MARKET_ADVERSO,,FUERA DE RANGO,"GATE_WEAK_STAGE,GATE_MARKET_ADVERSO",,FUERA DE RANGO,NONE,2,85.0,Unknown,XLK
501,,,,,,,11.270599699988086,,592.8499755859375,332.0199890136719,,414.7900085449219,,,,,,2448186.25,,0.7671495581678068,STAGE 3 TRANSICIÓN,LOW,50.0,MOMENTUM_STABLE,50.0,ISRG,OK,False,False,50.0,,7.0,0,,,,FUERA DE RANGO,GATE_MARKET_ADVERSO,,FUERA DE RANGO,"GATE_WEAK_STAGE,GATE_MARKET_ADVERSO",,FUERA DE RANGO,NONE,2,85.0,Unknown,XLK
501,,,,,,,1.530324151679058,,86.4800033569336,57.65403747558594,,86.4800033569336,,,,,,2351556.8,,1.3717023547974687,STAGE 3 TRANSICIÓN,LOW,50.0,MOMENTUM_STABLE,50.0,BUD,OK,False,False,50.0,,7.0,0,,,,FUERA DE RANGO,GATE_MARKET_ADVERSO,,FUERA DE RANGO,"GATE_WEAK_STAGE,GATE_MARKET_ADVERSO",,FUERA DE RANGO,NONE,2,85.0,Unknown,XLK
501,,,,,,,1.943472227933937,,100.0999984741211,65.94000244140625,,80.3499984741211,,,,,,18636427.4,,0.7874120766300949,STAGE 3 TRANSICIÓN,LOW,50.0,MOMENTUM_STABLE,50.0,UBER,OK,False,False,50.0,,7.0,0,,,,FUERA DE RANGO,GATE_MARKET_ADVERSO,,FUERA DE RANGO,"GATE_WEAK_STAGE,GATE_MARKET_ADVERSO",,FUERA DE RANGO,NONE,2,85.0,Unknown,XLK
501,,,,,,,0.4607025415430088,,30.260000228881836,19.31999969482422,,24.959999084472656,,,,,,3509870.75,,1.0238311481982634,STAGE 3 TRANSICIÓN,LOW,50.0,MOMENTUM_STABLE,50.0,SONY,OK,False,False,50.0,,7.0,0,,,,FUERA DE RANGO,GATE_MARKET_ADVERSO,,FUERA DE RANGO,"GATE_WEAK_STAGE,GATE_MARKET_ADVERSO",,FUERA DE RANGO,NONE,2,85.0,Unknown,XLK
501,,,,,,,8.192894182586185,,255.20944213867188,77.61929321289062,,187.28733825683594,,,,,,8652224.8,,0.8666090136724139,STAGE 3 TRANSICIÓN,LOW,50.0,MOMENTUM_STABLE,50.0,GLW,OK,False,False,50.0,,7.0,0,,,,FUERA DE RANGO,GATE_MARKET_ADVERSO,,FUERA DE RANGO,"GATE_WEAK_STAGE,GATE_MARKET_ADVERSO",,FUERA DE RANGO,NONE,2,85.0,Unknown,XLK
501,,,,,,,5.957174842765445,,189.25799560546875,83.0,,147.99000549316406,,,,,,12880251.4,,0.7568119361396937,STAGE 3 TRANSICIÓN,LOW,50.0,MOMENTUM_STABLE,50.0,NOW,OK,False,False,50.0,,7.0,0,,,,FUERA DE RANGO,GATE_MARKET_ADVERSO,,FUERA DE RANGO,"GATE_WEAK_STAGE,GATE_MARKET_ADVERSO",,FUERA DE RANGO,NONE,2,85.0,Unknown,XLK
501,,,,,,,12.086301221882737,,557.9600219726562,391.6400146484375,,557.9600219726562,,,,,,1008569.9,,0.662619417850959,STAGE 3 TRANSICIÓN,LOW,50.0,MOMENTUM_STABLE,50.0,VRTX,OK,False,False,50.0,,7.0,0,,,,FUERA DE RANGO,GATE_MARKET_ADVERSO,,FUERA DE RANGO,"GATE_WEAK_STAGE,GATE_MARKET_ADVERSO",,FUERA DE RANGO,NONE,2,85.0,Unknown,XLK
501,,,,,,,0.25339260658445917,,11.449999809265137,6.090000152587891,,11.449999809265137,,,,,,3379223.95,,1.2223750367299568,STAGE 3 TRANSICIÓN,LOW,50.0,MOMENTUM_STABLE,50.0,MFG,OK,False,False,50.0,,7.0,0,,,,FUERA DE RANGO,GATE_MARKET_ADVERSO,,FUERA DE RANGO,"GATE_WEAK_STAGE,GATE_MARKET_ADVERSO",,FUERA DE RANGO,NONE,2,85.0,Unknown,XLK
501,,,,,,,0.5851818067927108,,21.770000457763672,11.06067180633545,,21.770000457763672,,,,,,21889333.75,,0.7648828050785237,STAGE 3 TRANSICIÓN,LOW,50.0,MOMENTUM_STABLE,50.0,PBR,OK,False,False,50.0,,7.0,0,,,,FUERA DE RANGO,GATE_MARKET_ADVERSO,,FUERA DE RANGO,"GATE_WEAK_STAGE,GATE_MARKET_ADVERSO",,FUERA DE RANGO,NONE,2,85.0,Unknown,XLK
501,,,,,,,0.9340345883897052,,72.70989227294922,54.464839935302734,,66.31222534179688,,,,,,3106978.85,,1.149469363140338,STAGE 3 TRANSICIÓN,LOW,50.0,MOMENTUM_STABLE,50.0,UL,OK,False,False,50.0,,7.0,0,,,,FUERA DE RANGO,GATE_MARKET_ADVERSO,,FUERA DE RANGO,"GATE_WEAK_STAGE,GATE_MARKET_ADVERSO",,FUERA DE RANGO,NONE,2,85.0,Unknown,XLK
501,,,,,,,6.632388920789158,,178.74000549316406,75.2300033569336,,178.74000549316406,,,,,,4191350.9,,0.593464508065884,STAGE 3 TRANSICIÓN,LOW,50.0,MOMENTUM_STABLE,50.0,FTNT,OK,False,False,50.0,,7.0,0,,,,FUERA DE RANGO,GATE_MARKET_ADVERSO,,FUERA DE RANGO,"GATE_WEAK_STAGE,GATE_MARKET_ADVERSO",,FUERA DE RANGO,NONE,2,85.0,Unknown,XLK
501,,,,,,,0.493664846536258,,19.56999969482422,10.331541061401367,,19.56999969482422,,,,,,7383285.35,,0.9340702239010714,STAGE 3 TRANSICIÓN,LOW,50.0,MOMENTUM_STABLE,50.0,PBR-A,OK,False,False,50.0,,7.0,0,,,,FUERA DE RANGO,GATE_MARKET_ADVERSO,,FUERA DE RANGO,"GATE_WEAK_STAGE,GATE_MARKET_ADVERSO",,FUERA DE RANGO,NONE,2,85.0,Unknown,XLK
501,,,,,,,1.4030686802595447,,68.08999633789062,41.20759582519531,,68.08999633789062,,,,,,11182486.25,,1.3664336050491455,STAGE 3 TRANSICIÓN,LOW,50.0,MOMENTUM_STABLE,50.0,BMY,OK,False,False,50.0,,7.0,0,,,,FUERA DE RANGO,GATE_MARKET_ADVERSO,,FUERA DE RANGO,"GATE_WEAK_STAGE,GATE_MARKET_ADVERSO",,FUERA DE RANGO,NONE,2,85.0,Unknown,XLK
501,,,,,,,4.929316176959824,,362.40521240234375,265.7759704589844,,362.40521240234375,,,,,,1655069.95,,0.6453497630115271,STAGE 3 TRANSICIÓN,LOW,50.0,MOMENTUM_STABLE,50.0,CB,OK,False,False,50.0,,7.0,0,,,,FUERA DE RANGO,GATE_MARKET_ADVERSO,,FUERA DE RANGO,"GATE_WEAK_STAGE,GATE_MARKET_ADVERSO",,FUERA DE RANGO,NONE,2,85.0,Unknown,XLK
501,,,,,,,2.1296179796700723,,148.87799072265625,107.84420776367188,,148.87799072265625,,,,,,3349706.45,,1.221876919991004,STAGE 3 TRANSICIÓN,LOW,50.0,MOMENTUM_STABLE,50.0,PLD,OK,False,False,50.0,,7.0,0,,,,FUERA DE RANGO,GATE_MARKET_ADVERSO,,FUERA DE RANGO,"GATE_WEAK_STAGE,GATE_MARKET_ADVERSO",,FUERA DE RANGO,NONE,2,85.0,Unknown,XLK
501,,,,,,,6.312436278268361,,218.10801696777344,153.3730926513672,,213.90341186523438,,,,,,8818984.0,,0.6610375979818084,STAGE 3 TRANSICIÓN,LOW,50.0,MOMENTUM_STABLE,50.0,BKNG,OK,False,False,50.0,,7.0,0,,,,FUERA DE RANGO,GATE_MARKET_ADVERSO,,FUERA DE RANGO,"GATE_WEAK_STAGE,GATE_MARKET_ADVERSO",,FUERA DE RANGO,NONE,2,85.0,Unknown,XLK
501,,,,,,,17.250853112158843,,358.82000732421875,160.19000244140625,,358.82000732421875,,,,,,3142238.55,,0.6832616193318614,STAGE 3 TRANSICIÓN,LOW,50.0,MOMENTUM_STABLE,50.0,NET,OK,False,False,50.0,,7.0,0,,,,FUERA DE RANGO,GATE_MARKET_ADVERSO,,FUERA DE RANGO,"GATE_WEAK_STAGE,GATE_MARKET_ADVERSO",,FUERA DE RANGO,NONE,2,85.0,Unknown,XLK
501,,,,,,,4.206768959881262,,134.85926818847656,77.89936828613281,,134.85926818847656,,,,,,6947474.25,,0.6772367670164449,STAGE 3 TRANSICIÓN,LOW,50.0,MOMENTUM_STABLE,50.0,NEM,OK,False,False,50.0,,7.0,0,,,,FUERA DE RANGO,GATE_MARKET_ADVERSO,,FUERA DE RANGO,"GATE_WEAK_STAGE,GATE_MARKET_ADVERSO",,FUERA DE RANGO,NONE,2,85.0,Unknown,XLK
501,,,,,,,21.28500457293545,,1071.7115478515625,710.7420043945312,,1071.7115478515625,,,,,,590650.85,,0.6152822771693294,STAGE 3 TRANSICIÓN,LOW,50.0,MOMENTUM_STABLE,50.0,PH,OK,False,False,50.0,,7.0,0,,,,FUERA DE RANGO,GATE_MARKET_ADVERSO,,FUERA DE RANGO,"GATE_WEAK_STAGE,GATE_MARKET_ADVERSO",,FUERA DE RANGO,NONE,2,85.0,Unknown,XLK
501,,,,,,,4.656779229372087,,234.47999572753906,190.3154754638672,,234.47999572753906,,,,,,2786474.75,,0.9971721437633698,STAGE 3 TRANSICIÓN,LOW,50.0,MOMENTUM_STABLE,50.0,PGR,OK,False,False,50.0,,7.0,0,,,,FUERA DE RANGO,GATE_MARKET_ADVERSO,,FUERA DE RANGO,"GATE_WEAK_STAGE,GATE_MARKET_ADVERSO",,FUERA DE RANGO,NONE,2,85.0,Unknown,XLK
501,,,,,,,4.710436009848515,,254.95819091796875,174.73028564453125,,226.5399932861328,,,,,,3552733.9,,0.8559824871769879,STAGE 3 TRANSICIÓN,LOW,50.0,MOMENTUM_STABLE,50.0,COF,OK,False,False,50.0,,7.0,0,,,,FUERA DE RANGO,GATE_MARKET_ADVERSO,,FUERA DE RANGO,"GATE_WEAK_STAGE,GATE_MARKET_ADVERSO",,FUERA DE RANGO,NONE,2,85.0,Unknown,XLK
501,,,,,,,12.298174940359516,,668.166015625,431.37786865234375,,604.9382934570312,,,,,,1208275.2,,1.0220386878750802,STAGE 3 TRANSICIÓN,LOW,50.0,MOMENTUM_STABLE,50.0,LMT,OK,False,False,50.0,,7.0,0,,,,FUERA DE RANGO,GATE_MARKET_ADVERSO,,FUERA DE RANGO,"GATE_WEAK_STAGE,GATE_MARKET_ADVERSO",,FUERA DE RANGO,NONE,2,85.0,Unknown,XLK
501,,,,,,,1.0390707681412796,,65.78501892089844,48.34299087524414,,63.15999984741211,,,,,,5306916.75,,1.2317952792457127,STAGE 3 TRANSICIÓN,LOW,50.0,MOMENTUM_STABLE,50.0,BTI,OK,False,False,50.0,,7.0,0,,,,FUERA DE RANGO,GATE_MARKET_ADVERSO,,FUERA DE RANGO,"GATE_WEAK_STAGE,GATE_MARKET_ADVERSO",,FUERA DE RANGO,NONE,2,85.0,Unknown,XLK
501,,,,,,,1.7731116735350643,,45.20000076293945,10.969649314880371,,45.20000076293945,,,,,,6846952.35,,1.2136271110459824,STAGE 3 TRANSICIÓN,LOW,50.0,MOMENTUM_STABLE,50.0,ASX,OK,False,False,50.0,,7.0,0,,,,FUERA DE RANGO,GATE_MARKET_ADVERSO,,FUERA DE RANGO,"GATE_WEAK_STAGE,GATE_MARKET_ADVERSO",,FUERA DE RANGO,NONE,2,85.0,Unknown,XLK
501,,,,,,,3.0147110044692838,,185.80999755859375,118.12671661376953,,185.80999755859375,,,,,,604994.4,,0.5796549521780697,STAGE 3 TRANSICIÓN,LOW,50.0,MOMENTUM_STABLE,50.0,BMO,OK,False,False,50.0,,7.0,0,,,,FUERA DE RANGO,GATE_MARKET_ADVERSO,,FUERA DE RANGO,"GATE_WEAK_STAGE,GATE_MARKET_ADVERSO",,FUERA DE RANGO,NONE,2,85.0,Unknown,XLK
501,,,,,,,14.826807743539238,,356.4700012207031,121.11000061035156,,356.4700012207031,,,,,,5665258.85,,1.0063753750634008,STAGE 3 TRANSICIÓN,LOW,50.0,MOMENTUM_STABLE,50.0,SNOW,OK,False,False,50.0,,7.0,0,,,,FUERA DE RANGO,GATE_MARKET_ADVERSO,,FUERA DE RANGO,"GATE_WEAK_STAGE,GATE_MARKET_ADVERSO",,FUERA DE RANGO,NONE,2,85.0,Unknown,XLK
501,,,,,,,0.5285105598469937,,37.18000030517578,21.84000015258789,,26.40999984741211,,,,,,10443360.85,,0.8063608182226127,STAGE 3 TRANSICIÓN,LOW,50.0,MOMENTUM_STABLE,50.0,HDB,OK,False,False,50.0,,7.0,0,,,,FUERA DE RANGO,GATE_MARKET_ADVERSO,,FUERA DE RANGO,"GATE_WEAK_STAGE,GATE_MARKET_ADVERSO",,FUERA DE RANGO,NONE,2,85.0,Unknown,XLK
501,,,,,,,9.664925773301096,,513.3384399414062,367.1495666503906,,456.3553771972656,,,,,,1873497.2,,1.5506529713521857,STAGE 3 TRANSICIÓN,LOW,50.0,MOMENTUM_STABLE,50.0,SPGI,OK,False,False,50.0,,7.0,0,,,,FUERA DE RANGO,GATE_MARKET_ADVERSO,,FUERA DE RANGO,"GATE_WEAK_STAGE,GATE_MARKET_ADVERSO",,FUERA DE RANGO,NONE,2,85.0,Unknown,XLK
501,,,,,,,1.3123966312191238,,73.74224853515625,52.19166564941406,,73.74224853515625,,,,,,7985479.1,,0.7106501599885222,STAGE 3 TRANSICIÓN,LOW,50.0,MOMENTUM_STABLE,50.0,MO,OK,False,False,50.0,,7.0,0,,,,FUERA DE RANGO,GATE_MARKET_ADVERSO,,FUERA DE RANGO,"GATE_WEAK_STAGE,GATE_MARKET_ADVERSO",,FUERA DE RANGO,NONE,2,85.0,Unknown,XLK
501,,,,,,,14.450429682343623,,424.8900146484375,160.76361083984375,,424.8900146484375,,,,,,3064755.85,,0.6105598917447208,STAGE 3 TRANSICIÓN,LOW,50.0,MOMENTUM_STABLE,50.0,MPC,OK,False,False,50.0,,7.0,0,,,,FUERA DE RANGO,GATE_MARKET_ADVERSO,,FUERA DE RANGO,"GATE_WEAK_STAGE,GATE_MARKET_ADVERSO",,FUERA DE RANGO,NONE,2,85.0,Unknown,XLK
501,,,,,,,1.5422202884213596,,95.3499984741211,62.019283294677734,,95.3499984741211,,,,,,1631990.2,,0.6615260312224914,STAGE 3 TRANSICIÓN,LOW,50.0,MOMENTUM_STABLE,50.0,BNS,OK,False,False,50.0,,7.0,0,,,,FUERA DE RANGO,GATE_MARKET_ADVERSO,,FUERA DE RANGO,"GATE_WEAK_STAGE,GATE_MARKET_ADVERSO",,FUERA DE RANGO,NONE,2,85.0,Unknown,XLK
501,,,,,,,1.0865084373958134,,46.959999084472656,31.174026489257812,,46.959999084472656,,,,,,9414530.4,,0.5476011846538835,STAGE 3 TRANSICIÓN,LOW,50.0,MOMENTUM_STABLE,50.0,BP,OK,False,False,50.0,,7.0,0,,,,FUERA DE RANGO,GATE_MARKET_ADVERSO,,FUERA DE RANGO,"GATE_WEAK_STAGE,GATE_MARKET_ADVERSO",,FUERA DE RANGO,NONE,2,85.0,Unknown,XLK
501,,,,,,,14.948790186306857,,413.2799987792969,153.14305114746094,,413.2799987792969,,,,,,3991085.1,,0.6637798828193365,STAGE 3 TRANSICIÓN,LOW,50.0,MOMENTUM_STABLE,50.0,VLO,OK,False,False,50.0,,7.0,0,,,,FUERA DE RANGO,GATE_MARKET_ADVERSO,,FUERA DE RANGO,"GATE_WEAK_STAGE,GATE_MARKET_ADVERSO",,FUERA DE RANGO,NONE,2,85.0,Unknown,XLK
501,,,,,,,2.1424763540450047,,101.97019958496094,72.4959716796875,,93.4039535522461,,,,,,11101633.75,,1.7516318262616077,STAGE 3 TRANSICIÓN,LOW,50.0,MOMENTUM_STABLE,50.0,MDT,OK,False,False,50.0,,7.0,0,,,,FUERA DE RANGO,GATE_MARKET_ADVERSO,,FUERA DE RANGO,"GATE_WEAK_STAGE,GATE_MARKET_ADVERSO",,FUERA DE RANGO,NONE,2,85.0,Unknown,XLK
501,,,,,,,2.2517742303736172,,109.91949462890625,69.04280853271484,,109.91949462890625,,,,,,7610196.7,,0.9374703810218203,STAGE 3 TRANSICIÓN,LOW,50.0,MOMENTUM_STABLE,50.0,CVS,OK,False,False,50.0,,7.0,0,,,,FUERA DE RANGO,GATE_MARKET_ADVERSO,,FUERA DE RANGO,"GATE_WEAK_STAGE,GATE_MARKET_ADVERSO",,FUERA DE RANGO,NONE,2,85.0,Unknown,XLK
501,,,,,,,1.8297910266583426,,138.1300048828125,73.30000305175781,,93.0,,,,,,6324211.25,,0.6640077053087055,STAGE 3 TRANSICIÓN,LOW,50.0,MOMENTUM_STABLE,50.0,PDD,OK,False,False,50.0,,7.0,0,,,,FUERA DE RANGO,GATE_MARKET_ADVERSO,,FUERA DE RANGO,"GATE_WEAK_STAGE,GATE_MARKET_ADVERSO",,FUERA DE RANGO,NONE,2,85.0,Unknown,XLK
501,,,,,,,2.196471066198278,,108.48999786376953,76.50760650634766,,108.48999786376953,,,,,,6875738.2,,0.992964508160011,STAGE 3 TRANSICIÓN,LOW,50.0,MOMENTUM_STABLE,50.0,SBUX,OK,False,False,50.0,,7.0,0,,,,FUERA DE RANGO,GATE_MARKET_ADVERSO,,FUERA DE RANGO,"GATE_WEAK_STAGE,GATE_MARKET_ADVERSO",,FUERA DE RANGO,NONE,2,85.0,Unknown,XLK
501,,,,,,,6.891250024437611,,282.7142639160156,122.96148681640625,,195.0,,,,,,4974179.45,,1.2754845424806698,STAGE 3 TRANSICIÓN,LOW,50.0,MOMENTUM_STABLE,50.0,ACN,OK,False,False,50.0,,7.0,0,,,,FUERA DE RANGO,GATE_MARKET_ADVERSO,,FUERA DE RANGO,"GATE_WEAK_STAGE,GATE_MARKET_ADVERSO",,FUERA DE RANGO,NONE,2,85.0,Unknown,XLK
501,,,,,,,8.191008014704405,,385.3855895996094,269.75,,352.25,,,,,,3155898.4,,0.8850627130455151,STAGE 3 TRANSICIÓN,LOW,50.0,MOMENTUM_STABLE,50.0,SYK,OK,False,False,50.0,,7.0,0,,,,FUERA DE RANGO,GATE_MARKET_ADVERSO,,FUERA DE RANGO,"GATE_WEAK_STAGE,GATE_MARKET_ADVERSO",,FUERA DE RANGO,NONE,2,85.0,Unknown,XLK
501,15.520000457763672,15.93550009727478,16.277669849395753,16.73853956222534,16.88168364048004,-0.5336962958029434,0.2132162122017709,1.373815759748334,17.640283584594727,15.520000457763672,-12.019552387937226,16.762489318847656,-7.412317093541332,-0.06033707741902328,-0.08006169288682186,-0.06113884776786904,-0.09744833755661775,175348.0,2721401.0402679443,1.1083958756301755,STAGE 4 BAJISTA,MEDIUM,40.69,MOMENTUM_STABLE,50.0,WFC-PC,OK,False,False,50.0,14.58,6.06,212,3290.24,70.26,,FUERA DE RANGO,"GATE_STAGE_4,GATE_ILIQUIDITY,GATE_MARKET_ADVERSO",,FUERA DE RANGO,"GATE_WEAK_STAGE,GATE_MARKET_ADVERSO",,FUERA DE RANGO,GATE_LOW_LIQUIDITY,2,65.0,Unknown,XLK
501,,,,,,,4.343178219658272,,284.26031494140625,187.66000366210938,,223.35000610351562,,,,,,3249142.2,,0.8777836808742935,STAGE 3 TRANSICIÓN,LOW,50.0,MOMENTUM_STABLE,50.0,LOW,OK,False,False,50.0,,7.0,0,,,,FUERA DE RANGO,GATE_MARKET_ADVERSO,,FUERA DE RANGO,"GATE_WEAK_STAGE,GATE_MARKET_ADVERSO",,FUERA DE RANGO,NONE,2,85.0,Unknown,XLK
501,,,,,,,5.937605979504847,,152.4600067138672,65.16000366210938,,124.72000122070312,,,,,,22808919.6,,0.6278855926170216,STAGE 3 TRANSICIÓN,LOW,50.0,MOMENTUM_STABLE,50.0,HOOD,OK,False,False,50.0,,7.0,0,,,,FUERA DE RANGO,GATE_MARKET_ADVERSO,,FUERA DE RANGO,"GATE_WEAK_STAGE,GATE_MARKET_ADVERSO",,FUERA DE RANGO,NONE,2,85.0,Unknown,XLK
501,,,,,,,0.781699143924052,,57.252403259277344,43.47298812866211,,56.088417053222656,,,,,,5848075.8,,0.47715113405335824,STAGE 3 TRANSICIÓN,LOW,50.0,MOMENTUM_STABLE,50.0,ENB,OK,False,False,50.0,,7.0,0,,,,FUERA DE RANGO,GATE_MARKET_ADVERSO,,FUERA DE RANGO,"GATE_WEAK_STAGE,GATE_MARKET_ADVERSO",,FUERA DE RANGO,NONE,2,85.0,Unknown,XLK
501,,,,,,,5.4715114848901045,,285.6518859863281,186.1769256591797,,285.6518859863281,,,,,,2249625.25,,0.920422190318143,STAGE 3 TRANSICIÓN,LOW,50.0,MOMENTUM_STABLE,50.0,ADP,OK,False,False,50.0,,7.0,0,,,,FUERA DE RANGO,GATE_MARKET_ADVERSO,,FUERA DE RANGO,"GATE_WEAK_STAGE,GATE_MARKET_ADVERSO",,FUERA DE RANGO,NONE,2,85.0,Unknown,XLK
501,,,,,,,0.5838571864665537,,37.27000045776367,22.65336799621582,,37.27000045776367,,,,,,1856994.55,,1.1675268513846742,STAGE 3 TRANSICIÓN,LOW,50.0,MOMENTUM_STABLE,50.0,ING,OK,False,False,50.0,,7.0,0,,,,FUERA DE RANGO,GATE_MARKET_ADVERSO,,FUERA DE RANGO,"GATE_WEAK_STAGE,GATE_MARKET_ADVERSO",,FUERA DE RANGO,NONE,2,85.0,Unknown,XLK
501,,,,,,,15.721346010135452,,733.5999755859375,298.5899963378906,,452.7300109863281,,,,,,4706045.85,,0.7814877111747648,STAGE 3 TRANSICIÓN,LOW,50.0,MOMENTUM_STABLE,50.0,APP,OK,False,False,50.0,,7.0,0,,,,FUERA DE RANGO,GATE_MARKET_ADVERSO,,FUERA DE RANGO,"GATE_WEAK_STAGE,GATE_MARKET_ADVERSO",,FUERA DE RANGO,NONE,2,85.0,Unknown,XLK
501,,,,,,,2.6719485273835097,,79.91000366210938,36.725196838378906,,79.91000366210938,,,,,,11106481.45,,0.9034840642533104,STAGE 3 TRANSICIÓN,LOW,50.0,MOMENTUM_STABLE,50.0,FCX,OK,False,False,50.0,,7.0,0,,,,FUERA DE RANGO,GATE_MARKET_ADVERSO,,FUERA DE RANGO,"GATE_WEAK_STAGE,GATE_MARKET_ADVERSO",,FUERA DE RANGO,NONE,2,85.0,Unknown,XLK
501,,,,,,,18.188830882329608,,728.469970703125,412.75,,560.1099853515625,,,,,,1436854.7,,1.045752225329395,STAGE 3 TRANSICIÓN,LOW,50.0,MOMENTUM_STABLE,50.0,SPOT,OK,False,False,50.0,,7.0,0,,,,FUERA DE RANGO,GATE_MARKET_ADVERSO,,FUERA DE RANGO,"GATE_WEAK_STAGE,GATE_MARKET_ADVERSO",,FUERA DE RANGO,NONE,2,85.0,Unknown,XLK
501,,,,,,,2.216980082477449,,122.9154281616211,77.892822265625,,122.9154281616211,,,,,,1594028.55,,0.38485571666831186,STAGE 3 TRANSICIÓN,LOW,50.0,MOMENTUM_STABLE,50.0,CM,OK,False,False,50.0,,7.0,0,,,,FUERA DE RANGO,GATE_MARKET_ADVERSO,,FUERA DE RANGO,"GATE_WEAK_STAGE,GATE_MARKET_ADVERSO",,FUERA DE RANGO,NONE,2,85.0,Unknown,XLK
501,,,,,,,21.045210211816414,,993.5343017578125,723.5999755859375,,924.780029296875,,,,,,868997.25,,0.5487301599631069,STAGE 3 TRANSICIÓN,LOW,50.0,MOMENTUM_STABLE,50.0,MCK,OK,False,False,50.0,,7.0,0,,,,FUERA DE RANGO,GATE_MARKET_ADVERSO,,FUERA DE RANGO,"GATE_WEAK_STAGE,GATE_MARKET_ADVERSO",,FUERA DE RANGO,NONE,2,85.0,Unknown,XLK
501,,,,,,,8.2908129117967,,274.2099914550781,123.11430358886719,,274.2099914550781,,,,,,3389754.55,,0.6453833065877882,STAGE 3 TRANSICIÓN,LOW,50.0,MOMENTUM_STABLE,50.0,PSX,OK,False,False,50.0,,7.0,0,,,,FUERA DE RANGO,GATE_MARKET_ADVERSO,,FUERA DE RANGO,"GATE_WEAK_STAGE,GATE_MARKET_ADVERSO",,FUERA DE RANGO,NONE,2,85.0,Unknown,XLK
501,,,,,,,10.730360593597371,,502.2725524902344,373.790283203125,,482.81854248046875,,,,,,1086618.6,,1.087568351949801,STAGE 3 TRANSICIÓN,LOW,50.0,MOMENTUM_STABLE,50.0,TT,OK,False,False,50.0,,7.0,0,,,,FUERA DE RANGO,GATE_MARKET_ADVERSO,,FUERA DE RANGO,"GATE_WEAK_STAGE,GATE_MARKET_ADVERSO",,FUERA DE RANGO,NONE,2,85.0,Unknown,XLK
501,,,,,,,27.021990755641013,,1110.6331787109375,715.1826782226562,,1096.859130859375,,,,,,514277.75,,0.7374516980367126,STAGE 3 TRANSICIÓN,LOW,50.0,MOMENTUM_STABLE,50.0,EQIX,OK,False,False,50.0,,7.0,0,,,,FUERA DE RANGO,GATE_MARKET_ADVERSO,,FUERA DE RANGO,"GATE_WEAK_STAGE,GATE_MARKET_ADVERSO",,FUERA DE RANGO,NONE,2,85.0,Unknown,XLK
501,,,,,,,2.979547275460999,,164.83999633789062,102.6630630493164,,164.83999633789062,,,,,,3780977.4,,1.0925873294032384,STAGE 3 TRANSICIÓN,LOW,50.0,MOMENTUM_STABLE,50.0,BNY,OK,False,False,50.0,,7.0,0,,,,FUERA DE RANGO,GATE_MARKET_ADVERSO,,FUERA DE RANGO,"GATE_WEAK_STAGE,GATE_MARKET_ADVERSO",,FUERA DE RANGO,NONE,2,85.0,Unknown,XLK
501,,,,,,,0.9754072550268627,,59.603492736816406,39.69407653808594,,53.22879409790039,,,,,,3001504.95,,0.9541543484710894,STAGE 3 TRANSICIÓN,LOW,50.0,MOMENTUM_STABLE,50.0,GSK,OK,False,False,50.0,,7.0,0,,,,FUERA DE RANGO,GATE_MARKET_ADVERSO,,FUERA DE RANGO,"GATE_WEAK_STAGE,GATE_MARKET_ADVERSO",,FUERA DE RANGO,NONE,2,85.0,Unknown,XLK
501,,,,,,,21.55338422359614,,785.1200561523438,408.7618713378906,,722.3099975585938,,,,,,823692.2,,0.916657945771491,STAGE 3 TRANSICIÓN,LOW,50.0,MOMENTUM_STABLE,50.0,PWR,OK,False,False,50.0,,7.0,0,,,,FUERA DE RANGO,GATE_MARKET_ADVERSO,,FUERA DE RANGO,"GATE_WEAK_STAGE,GATE_MARKET_ADVERSO",,FUERA DE RANGO,NONE,2,85.0,Unknown,XLK
501,,,,,,,1.1728739783995903,,45.75,21.68036460876465,,45.75,,,,,,3657627.7,,1.1912787077810023,STAGE 3 TRANSICIÓN,LOW,50.0,MOMENTUM_STABLE,50.0,EQNR,OK,False,False,50.0,,7.0,0,,,,FUERA DE RANGO,GATE_MARKET_ADVERSO,,FUERA DE RANGO,"GATE_WEAK_STAGE,GATE_MARKET_ADVERSO",,FUERA DE RANGO,NONE,2,85.0,Unknown,XLK
501,,,,,,,0.45412895515825397,,32.666507720947266,24.990772247314453,,30.579999923706055,,,,,,4567274.0,,0.8451168027142668,STAGE 3 TRANSICIÓN,LOW,50.0,MOMENTUM_STABLE,50.0,IBN,OK,False,False,50.0,,7.0,0,,,,FUERA DE RANGO,GATE_MARKET_ADVERSO,,FUERA DE RANGO,"GATE_WEAK_STAGE,GATE_MARKET_ADVERSO",,FUERA DE RANGO,NONE,2,85.0,Unknown,XLK
501,,,,,,,0.6962494479949174,,49.58897018432617,40.939998626708984,,46.02000045776367,,,,,,2485360.85,,1.223209498934531,STAGE 3 TRANSICIÓN,LOW,50.0,MOMENTUM_STABLE,50.0,SNY,OK,False,False,50.0,,7.0,0,,,,FUERA DE RANGO,GATE_MARKET_ADVERSO,,FUERA DE RANGO,"GATE_WEAK_STAGE,GATE_MARKET_ADVERSO",,FUERA DE RANGO,NONE,2,85.0,Unknown,XLK
501,,,,,,,1.206950159553816,,51.54999923706055,29.066333770751953,,51.54999923706055,,,,,,6920766.9,,0.5998089604780649,STAGE 3 TRANSICIÓN,LOW,50.0,MOMENTUM_STABLE,50.0,CNQ,OK,False,False,50.0,,7.0,0,,,,FUERA DE RANGO,GATE_MARKET_ADVERSO,,FUERA DE RANGO,"GATE_WEAK_STAGE,GATE_MARKET_ADVERSO",,FUERA DE RANGO,NONE,2,85.0,Unknown,XLK
501,,,,,,,12.709348546131508,,288.1499938964844,102.61499786376953,,288.1499938964844,,,,,,3662437.3,,0.8064154436172873,STAGE 3 TRANSICIÓN,LOW,50.0,MOMENTUM_STABLE,50.0,DDOG,OK,False,False,50.0,,7.0,0,,,,FUERA DE RANGO,GATE_MARKET_ADVERSO,,FUERA DE RANGO,"GATE_WEAK_STAGE,GATE_MARKET_ADVERSO",,FUERA DE RANGO,NONE,2,85.0,Unknown,XLK
501,,,,,,,1.3319339024586772,,97.4911117553711,82.06204223632812,,96.45355224609375,,,,,,6163386.45,,1.4607600988576661,STAGE 3 TRANSICIÓN,LOW,50.0,MOMENTUM_STABLE,50.0,SO,OK,False,False,50.0,,7.0,0,,,,FUERA DE RANGO,GATE_MARKET_ADVERSO,,FUERA DE RANGO,"GATE_WEAK_STAGE,GATE_MARKET_ADVERSO",,FUERA DE RANGO,NONE,2,85.0,Unknown,XLK
501,,,,,,,12.887833214099109,,542.2318725585938,359.9336853027344,,438.1199951171875,,,,,,1531253.6,,0.5759150541752195,STAGE 3 TRANSICIÓN,LOW,50.0,MOMENTUM_STABLE,50.0,HCA,OK,False,False,50.0,,7.0,0,,,,FUERA DE RANGO,GATE_MARKET_ADVERSO,,FUERA DE RANGO,"GATE_WEAK_STAGE,GATE_MARKET_ADVERSO",,FUERA DE RANGO,NONE,2,85.0,Unknown,XLK
501,,,,,,,12.432750595230878,,376.0595397949219,143.15756225585938,,305.7950134277344,,,,,,5346005.25,,0.6147216185393757,STAGE 3 TRANSICIÓN,LOW,50.0,MOMENTUM_STABLE,50.0,VRT,OK,False,False,50.0,,7.0,0,,,,FUERA DE RANGO,GATE_MARKET_ADVERSO,,FUERA DE RANGO,"GATE_WEAK_STAGE,GATE_MARKET_ADVERSO",,FUERA DE RANGO,NONE,2,85.0,Unknown,XLK
501,,,,,,,5.993785521825341,,315.7112731933594,217.55870056152344,,285.1116027832031,,,,,,1755771.4,,0.8144727724805177,STAGE 3 TRANSICIÓN,LOW,50.0,MOMENTUM_STABLE,50.0,CME,OK,False,False,50.0,,7.0,0,,,,FUERA DE RANGO,GATE_MARKET_ADVERSO,,FUERA DE RANGO,"GATE_WEAK_STAGE,GATE_MARKET_ADVERSO",,FUERA DE RANGO,NONE,2,85.0,Unknown,XLK
501,,,,,,,7.481480210513066,,401.7236328125,256.9007873535156,,382.7421875,,,,,,1645860.15,,0.8825798473825374,STAGE 3 TRANSICIÓN,LOW,50.0,MOMENTUM_STABLE,50.0,MAR,OK,False,False,50.0,,7.0,0,,,,FUERA DE RANGO,GATE_MARKET_ADVERSO,,FUERA DE RANGO,"GATE_WEAK_STAGE,GATE_MARKET_ADVERSO",,FUERA DE RANGO,NONE,2,85.0,Unknown,XLK
501,,,,,,,7.258873982062506,,251.0129852294922,136.03793334960938,,223.61346435546875,,,,,,2016240.4,,0.7184698808733324,STAGE 3 TRANSICIÓN,LOW,50.0,MOMENTUM_STABLE,50.0,AEM,OK,False,False,50.0,,7.0,0,,,,FUERA DE RANGO,GATE_MARKET_ADVERSO,,FUERA DE RANGO,"GATE_WEAK_STAGE,GATE_MARKET_ADVERSO",,FUERA DE RANGO,NONE,2,85.0,Unknown,XLK
501,,,,,,,8.998094561230028,,401.7044372558594,236.1370086669922,,299.04998779296875,,,,,,2867693.6,,0.651489405981169,STAGE 3 TRANSICIÓN,LOW,50.0,MOMENTUM_STABLE,50.0,CEG,OK,False,False,50.0,,7.0,0,,,,FUERA DE RANGO,GATE_MARKET_ADVERSO,,FUERA DE RANGO,"GATE_WEAK_STAGE,GATE_MARKET_ADVERSO",,FUERA DE RANGO,NONE,2,85.0,Unknown,XLK
501,,,,,,,9.26120743476732,,359.9100036621094,193.41000366210938,,292.7900085449219,,,,,,5607032.2,,0.7190513369978506,STAGE 3 TRANSICIÓN,LOW,50.0,MOMENTUM_STABLE,50.0,ADBE,OK,False,False,50.0,,7.0,0,,,,FUERA DE RANGO,GATE_MARKET_ADVERSO,,FUERA DE RANGO,"GATE_WEAK_STAGE,GATE_MARKET_ADVERSO",,FUERA DE RANGO,NONE,2,85.0,Unknown,XLK
501,,,,,,,5.4884386065100506,,190.5,111.54000091552734,,190.5,,,,,,5010685.2,,0.8701612306436652,STAGE 3 TRANSICIÓN,LOW,50.0,MOMENTUM_STABLE,50.0,ABNB,OK,False,False,50.0,,7.0,0,,,,FUERA DE RANGO,GATE_MARKET_ADVERSO,,FUERA DE RANGO,"GATE_WEAK_STAGE,GATE_MARKET_ADVERSO",,FUERA DE RANGO,NONE,2,85.0,Unknown,XLK
501,,,,,,,7.375817922510625,,292.6499938964844,183.70753479003906,,292.6499938964844,,,,,,3702165.0,,0.49751969455710376,STAGE 3 TRANSICIÓN,LOW,50.0,MOMENTUM_STABLE,50.0,HWM,OK,False,False,50.0,,7.0,0,,,,FUERA DE RANGO,GATE_MARKET_ADVERSO,,FUERA DE RANGO,"GATE_WEAK_STAGE,GATE_MARKET_ADVERSO",,FUERA DE RANGO,NONE,2,85.0,Unknown,XLK
501,,,,,,,1.1592527258389453,,65.41999816894531,44.0114631652832,,65.41999816894531,,,,,,7721134.65,,0.9897759003594115,STAGE 3 TRANSICIÓN,LOW,50.0,MOMENTUM_STABLE,50.0,USB,OK,False,False,50.0,,7.0,0,,,,FUERA DE RANGO,GATE_MARKET_ADVERSO,,FUERA DE RANGO,"GATE_WEAK_STAGE,GATE_MARKET_ADVERSO",,FUERA DE RANGO,NONE,2,85.0,Unknown,XLK
501,,,,,,,3.50574109642874,,154.32794189453125,104.64232635498047,,154.32794189453125,,,,,,3313078.4,,0.6692772498230045,STAGE 3 TRANSICIÓN,LOW,50.0,MOMENTUM_STABLE,50.0,JCI,OK,False,False,50.0,,7.0,0,,,,FUERA DE RANGO,GATE_MARKET_ADVERSO,,FUERA DE RANGO,"GATE_WEAK_STAGE,GATE_MARKET_ADVERSO",,FUERA DE RANGO,NONE,2,85.0,Unknown,XLK
501,,,,,,,6.573308477725967,,395.9700012207031,311.1605529785156,,395.9700012207031,,,,,,1324907.5,,1.2557480427878926,STAGE 3 TRANSICIÓN,LOW,50.0,MOMENTUM_STABLE,50.0,GD,OK,False,False,50.0,,7.0,0,,,,FUERA DE RANGO,GATE_MARKET_ADVERSO,,FUERA DE RANGO,"GATE_WEAK_STAGE,GATE_MARKET_ADVERSO",,FUERA DE RANGO,NONE,2,85.0,Unknown,XLK
501,,,,,,,11.005150324623562,,416.3900146484375,265.6600036621094,,377.9200134277344,,,,,,2734739.45,,0.9543830583202358,STAGE 3 TRANSICIÓN,LOW,50.0,MOMENTUM_STABLE,50.0,CDNS,OK,False,False,50.0,,7.0,0,,,,FUERA DE RANGO,GATE_MARKET_ADVERSO,,FUERA DE RANGO,"GATE_WEAK_STAGE,GATE_MARKET_ADVERSO",,FUERA DE RANGO,NONE,2,85.0,Unknown,XLK
501,,,,,,,0.2156149336971132,,9.375422477722168,6.073493480682373,,8.54364013671875,,,,,,21757103.1,,0.7639510611134622,STAGE 3 TRANSICIÓN,LOW,50.0,MOMENTUM_STABLE,50.0,ITUB,OK,False,False,50.0,,7.0,0,,,,FUERA DE RANGO,GATE_MARKET_ADVERSO,,FUERA DE RANGO,"GATE_WEAK_STAGE,GATE_MARKET_ADVERSO",,FUERA DE RANGO,NONE,2,85.0,Unknown,XLK
501,,,,,,,1.6461299666348526,,131.1634063720703,111.09210205078125,,129.3824462890625,,,,,,3975693.0,,1.2899285734587655,STAGE 3 TRANSICIÓN,LOW,50.0,MOMENTUM_STABLE,50.0,DUK,OK,False,False,50.0,,7.0,0,,,,FUERA DE RANGO,GATE_MARKET_ADVERSO,,FUERA DE RANGO,"GATE_WEAK_STAGE,GATE_MARKET_ADVERSO",,FUERA DE RANGO,NONE,2,85.0,Unknown,XLK
501,,,,,,,4.534152313421302,,256.9700012207031,174.2725067138672,,256.9700012207031,,,,,,1694731.4,,1.0098520626926486,STAGE 3 TRANSICIÓN,LOW,50.0,MOMENTUM_STABLE,50.0,PNC,OK,False,False,50.0,,7.0,0,,,,FUERA DE RANGO,GATE_MARKET_ADVERSO,,FUERA DE RANGO,"GATE_WEAK_STAGE,GATE_MARKET_ADVERSO",,FUERA DE RANGO,NONE,2,85.0,Unknown,XLK
501,,,,,,,3.693568648991168,,163.82443237304688,122.3354263305664,,163.82443237304688,,,,,,2276597.9,,1.0643328802156937,STAGE 3 TRANSICIÓN,LOW,50.0,MOMENTUM_STABLE,50.0,EMR,OK,False,False,50.0,,7.0,0,,,,FUERA DE RANGO,GATE_MARKET_ADVERSO,,FUERA DE RANGO,"GATE_WEAK_STAGE,GATE_MARKET_ADVERSO",,FUERA DE RANGO,NONE,2,85.0,Unknown,XLK
501,,,,,,,57.285792329589796,,2501.31005859375,1546.81005859375,,2006.5799560546875,,,,,,617464.5,,0.7511201048805235,STAGE 3 TRANSICIÓN,LOW,50.0,MOMENTUM_STABLE,50.0,MELI,OK,False,False,50.0,,7.0,0,,,,FUERA DE RANGO,GATE_MARKET_ADVERSO,,FUERA DE RANGO,"GATE_WEAK_STAGE,GATE_MARKET_ADVERSO",,FUERA DE RANGO,NONE,2,85.0,Unknown,XLK
501,,,,,,,63.270673428465464,,1053.0899658203125,149.61000061035156,,988.97998046875,,,,,,4578081.75,,1.3155804830265427,STAGE 3 TRANSICIÓN,LOW,50.0,MOMENTUM_STABLE,50.0,LITE,OK,False,False,50.0,,7.0,0,,,,FUERA DE RANGO,GATE_MARKET_ADVERSO,,FUERA DE RANGO,"GATE_WEAK_STAGE,GATE_MARKET_ADVERSO",,FUERA DE RANGO,NONE,2,85.0,Unknown,XLK
501,,,,,,,0.9041284553665425,,53.08467483520508,33.252567291259766,,53.08467483520508,,,,,,10768994.55,,0.742194729776328,STAGE 3 TRANSICIÓN,LOW,50.0,MOMENTUM_STABLE,50.0,CSX,OK,False,False,50.0,,7.0,0,,,,FUERA DE RANGO,GATE_MARKET_ADVERSO,,FUERA DE RANGO,"GATE_WEAK_STAGE,GATE_MARKET_ADVERSO",,FUERA DE RANGO,NONE,2,85.0,Unknown,XLK
501,,,,,,,3.4034061982321506,,182.97898864746094,139.8612518310547,,182.97898864746094,,,,,,2971405.55,,0.9692419804492861,STAGE 3 TRANSICIÓN,LOW,50.0,MOMENTUM_STABLE,50.0,MMM,OK,False,False,50.0,,7.0,0,,,,FUERA DE RANGO,GATE_MARKET_ADVERSO,,FUERA DE RANGO,"GATE_WEAK_STAGE,GATE_MARKET_ADVERSO",,FUERA DE RANGO,NONE,2,85.0,Unknown,XLK
501,,,,,,,21.312057417237686,,345.8500061035156,73.5999984741211,,288.70001220703125,,,,,,17582037.1,,1.3441697264988708,STAGE 3 TRANSICIÓN,LOW,50.0,MOMENTUM_STABLE,50.0,BE,OK,False,False,50.0,,7.0,0,,,,FUERA DE RANGO,GATE_MARKET_ADVERSO,,FUERA DE RANGO,"GATE_WEAK_STAGE,GATE_MARKET_ADVERSO",,FUERA DE RANGO,NONE,2,85.0,Unknown,XLK
501,,,,,,,3.838056998503636,,169.27342224121094,100.16072845458984,,149.32000732421875,,,,,,4152807.3,,1.4022914089945855,STAGE 3 TRANSICIÓN,LOW,50.0,MOMENTUM_STABLE,50.0,BX,OK,False,False,50.0,,7.0,0,,,,FUERA DE RANGO,GATE_MARKET_ADVERSO,,FUERA DE RANGO,"GATE_WEAK_STAGE,GATE_MARKET_ADVERSO",,FUERA DE RANGO,NONE,2,85.0,Unknown,XLK
501,,,,,,,3.5172262932961216,,173.3140411376953,122.50265502929688,,164.0445098876953,,,,,,3061257.85,,0.6173138927189684,STAGE 3 TRANSICIÓN,LOW,50.0,MOMENTUM_STABLE,50.0,ICE,OK,False,False,50.0,,7.0,0,,,,FUERA DE RANGO,GATE_MARKET_ADVERSO,,FUERA DE RANGO,"GATE_WEAK_STAGE,GATE_MARKET_ADVERSO",,FUERA DE RANGO,NONE,2,85.0,Unknown,XLK
501,,,,,,,9.449334832161012,,424.9404602050781,276.68499755859375,,424.9404602050781,,,,,,1248912.7,,0.7484542354321483,STAGE 3 TRANSICIÓN,LOW,50.0,MOMENTUM_STABLE,50.0,ELV,OK,False,False,50.0,,7.0,0,,,,FUERA DE RANGO,GATE_MARKET_ADVERSO,,FUERA DE RANGO,"GATE_WEAK_STAGE,GATE_MARKET_ADVERSO",,FUERA DE RANGO,NONE,2,85.0,Unknown,XLK
501,,,,,,,1.7462509160471047,,78.24972534179688,54.83982467651367,,75.43222045898438,,,,,,7393612.8,,0.8434382714766995,STAGE 3 TRANSICIÓN,LOW,50.0,MOMENTUM_STABLE,50.0,WMB,OK,False,False,50.0,,7.0,0,,,,FUERA DE RANGO,GATE_MARKET_ADVERSO,,FUERA DE RANGO,"GATE_WEAK_STAGE,GATE_MARKET_ADVERSO",,FUERA DE RANGO,NONE,2,85.0,Unknown,XLK
501,,,,,,,3.1509853830534222,,141.96151733398438,83.55693817138672,,115.30000305175781,,,,,,3874270.3,,0.9419079510275781,STAGE 3 TRANSICIÓN,LOW,50.0,MOMENTUM_STABLE,50.0,KKR,OK,False,False,50.0,,7.0,0,,,,FUERA DE RANGO,GATE_MARKET_ADVERSO,,FUERA DE RANGO,"GATE_WEAK_STAGE,GATE_MARKET_ADVERSO",,FUERA DE RANGO,NONE,2,85.0,Unknown,XLK
501,,,,,,,3.274352970466298,,243.3985595703125,193.5380401611328,,241.18408203125,,,,,,2189244.95,,0.6914708196540547,STAGE 3 TRANSICIÓN,LOW,50.0,MOMENTUM_STABLE,50.0,WM,OK,False,False,50.0,,7.0,0,,,,FUERA DE RANGO,GATE_MARKET_ADVERSO,,FUERA DE RANGO,"GATE_WEAK_STAGE,GATE_MARKET_ADVERSO",,FUERA DE RANGO,NONE,2,85.0,Unknown,XLK
501,,,,,,,0.5310922355457139,,28.242778778076172,18.918123245239258,,28.242778778076172,,,,,,4457855.0,,0.8590454377722021,STAGE 3 TRANSICIÓN,LOW,50.0,MOMENTUM_STABLE,50.0,BCS,OK,False,False,50.0,,7.0,0,,,,FUERA DE RANGO,GATE_MARKET_ADVERSO,,FUERA DE RANGO,"GATE_WEAK_STAGE,GATE_MARKET_ADVERSO",,FUERA DE RANGO,NONE,2,85.0,Unknown,XLK
501,,,,,,,0.11425232955954336,,6.210000038146973,4.256529331207275,,6.210000038146973,,,,,,14975140.35,,1.1275491651736005,STAGE 3 TRANSICIÓN,LOW,50.0,MOMENTUM_STABLE,50.0,LYG,OK,False,False,50.0,,7.0,0,,,,FUERA DE RANGO,GATE_MARKET_ADVERSO,,FUERA DE RANGO,"GATE_WEAK_STAGE,GATE_MARKET_ADVERSO",,FUERA DE RANGO,NONE,2,85.0,Unknown,XLK
501,,,,,,,1.042542320128213,,49.970001220703125,33.154998779296875,,49.970001220703125,,,,,,10094540.65,,1.0504205557882418,STAGE 3 TRANSICIÓN,LOW,50.0,MOMENTUM_STABLE,50.0,MNST,OK,False,False,50.0,,7.0,0,,,,FUERA DE RANGO,GATE_MARKET_ADVERSO,,FUERA DE RANGO,"GATE_WEAK_STAGE,GATE_MARKET_ADVERSO",,FUERA DE RANGO,NONE,2,85.0,Unknown,XLK
501,,,,,,,3.3986617207373495,,63.52000045776367,19.665395736694336,,63.52000045776367,,,,,,27325537.65,,0.450639001425101,STAGE 3 TRANSICIÓN,LOW,50.0,MOMENTUM_STABLE,50.0,HPE,OK,False,False,50.0,,7.0,0,,,,FUERA DE RANGO,GATE_MARKET_ADVERSO,,FUERA DE RANGO,"GATE_WEAK_STAGE,GATE_MARKET_ADVERSO",,FUERA DE RANGO,NONE,2,85.0,Unknown,XLK
501,,,,,,,0.7765910154752556,,48.91630935668945,36.27000045776367,,45.027381896972656,,,,,,4948331.15,,1.089179934936246,STAGE 3 TRANSICIÓN,LOW,50.0,MOMENTUM_STABLE,50.0,BN,OK,False,False,50.0,,7.0,0,,,,FUERA DE RANGO,GATE_MARKET_ADVERSO,,FUERA DE RANGO,"GATE_WEAK_STAGE,GATE_MARKET_ADVERSO",,FUERA DE RANGO,NONE,2,85.0,Unknown,XLK
501,,,,,,,3.6415823413400146,,203.76718139648438,156.43502807617188,,197.58999633789062,,,,,,2775550.15,,1.2845752399753974,STAGE 3 TRANSICIÓN,LOW,50.0,MOMENTUM_STABLE,50.0,MRSH,OK,False,False,50.0,,7.0,0,,,,FUERA DE RANGO,GATE_MARKET_ADVERSO,,FUERA DE RANGO,"GATE_WEAK_STAGE,GATE_MARKET_ADVERSO",,FUERA DE RANGO,NONE,2,85.0,Unknown,XLK
501,,,,,,,13.133202305521177,,198.8800048828125,22.360000610351562,,198.8800048828125,,,,,,15013533.45,,0.8707123505293153,STAGE 3 TRANSICIÓN,LOW,50.0,MOMENTUM_STABLE,50.0,MRNA,OK,False,False,50.0,,7.0,0,,,,FUERA DE RANGO,GATE_MARKET_ADVERSO,,FUERA DE RANGO,"GATE_WEAK_STAGE,GATE_MARKET_ADVERSO",,FUERA DE RANGO,NONE,2,85.0,Unknown,XLK
501,,,,,,,8.11601169051127,,281.739990234375,146.60000610351562,,236.92999267578125,,,,,,4224460.8,,1.361787047473609,STAGE 3 TRANSICIÓN,LOW,50.0,MOMENTUM_STABLE,50.0,DASH,OK,False,False,50.0,,7.0,0,,,,FUERA DE RANGO,GATE_MARKET_ADVERSO,,FUERA DE RANGO,"GATE_WEAK_STAGE,GATE_MARKET_ADVERSO",,FUERA DE RANGO,NONE,2,85.0,Unknown,XLK
501,,,,,,,7.926371040478863,,369.9613342285156,292.3243408203125,,368.8774108886719,,,,,,1716309.4,,1.2919512064666197,STAGE 3 TRANSICIÓN,LOW,50.0,MOMENTUM_STABLE,50.0,SHW,OK,False,False,50.0,,7.0,0,,,,FUERA DE RANGO,GATE_MARKET_ADVERSO,,FUERA DE RANGO,"GATE_WEAK_STAGE,GATE_MARKET_ADVERSO",,FUERA DE RANGO,NONE,2,85.0,Unknown,XLK
501,,,,,,,2.187030609695968,,115.87252807617188,77.76215362548828,,115.87252807617188,,,,,,4727849.8,,0.8989913342847736,STAGE 3 TRANSICIÓN,LOW,50.0,MOMENTUM_STABLE,50.0,UPS,OK,False,False,50.0,,7.0,0,,,,FUERA DE RANGO,GATE_MARKET_ADVERSO,,FUERA DE RANGO,"GATE_WEAK_STAGE,GATE_MARKET_ADVERSO",,FUERA DE RANGO,NONE,2,85.0,Unknown,XLK
501,,,,,,,14.814327175860491,,534.5599975585938,367.70001220703125,,464.8900146484375,,,,,,1884940.55,,0.8561071064018438,STAGE 3 TRANSICIÓN,LOW,50.0,MOMENTUM_STABLE,50.0,SNPS,OK,False,False,50.0,,7.0,0,,,,FUERA DE RANGO,GATE_MARKET_ADVERSO,,FUERA DE RANGO,"GATE_WEAK_STAGE,GATE_MARKET_ADVERSO",,FUERA DE RANGO,NONE,2,85.0,Unknown,XLK
501,,,,,,,4.0760372274312795,,215.96897888183594,162.68389892578125,,215.96897888183594,,,,,,2102076.8,,0.9251022607737264,STAGE 3 TRANSICIÓN,LOW,50.0,MOMENTUM_STABLE,50.0,CTAS,OK,False,False,50.0,,7.0,0,,,,FUERA DE RANGO,GATE_MARKET_ADVERSO,,FUERA DE RANGO,"GATE_WEAK_STAGE,GATE_MARKET_ADVERSO",,FUERA DE RANGO,NONE,2,85.0,Unknown,XLK
501,,,,,,,1.7681530642570877,,71.87000274658203,37.387229919433594,,71.87000274658203,,,,,,4664546.85,,0.49257453593804085,STAGE 3 TRANSICIÓN,LOW,50.0,MOMENTUM_STABLE,50.0,SU,OK,False,False,50.0,,7.0,0,,,,FUERA DE RANGO,GATE_MARKET_ADVERSO,,FUERA DE RANGO,"GATE_WEAK_STAGE,GATE_MARKET_ADVERSO",,FUERA DE RANGO,NONE,2,85.0,Unknown,XLK
501,,,,,,,10.812571267536404,,536.0316772460938,409.4963684082031,,517.9254760742188,,,,,,716184.15,,1.0943875258898148,STAGE 3 TRANSICIÓN,LOW,50.0,MOMENTUM_STABLE,50.0,MCO,OK,False,False,50.0,,7.0,0,,,,FUERA DE RANGO,GATE_MARKET_ADVERSO,,FUERA DE RANGO,"GATE_WEAK_STAGE,GATE_MARKET_ADVERSO",,FUERA DE RANGO,NONE,2,85.0,Unknown,XLK
501,,,,,,,1.1057972453828342,,56.68353271484375,32.875831604003906,,56.68353271484375,,,,,,336719.6,,0.8855795742213997,STAGE 3 TRANSICIÓN,LOW,50.0,MOMENTUM_STABLE,50.0,E,OK,False,False,50.0,,7.0,0,,,,FUERA DE RANGO,GATE_MARKET_ADVERSO,,FUERA DE RANGO,"GATE_WEAK_STAGE,GATE_MARKET_ADVERSO",,FUERA DE RANGO,NONE,2,85.0,Unknown,XLK
501,,,,,,,2.780272318451259,,150.29205322265625,108.1826171875,,133.6608123779297,,,,,,637051.7,,1.2691811355342117,STAGE 3 TRANSICIÓN,LOW,50.0,MOMENTUM_STABLE,50.0,NTES,OK,False,False,50.0,,7.0,0,,,,FUERA DE RANGO,GATE_MARKET_ADVERSO,,FUERA DE RANGO,"GATE_WEAK_STAGE,GATE_MARKET_ADVERSO",,FUERA DE RANGO,NONE,2,85.0,Unknown,XLK
501,,,,,,,3.8440086325723057,,192.28451538085938,162.11000061035156,,179.25999450683594,,,,,,2616385.45,,1.0637992960861329,STAGE 3 TRANSICIÓN,LOW,50.0,MOMENTUM_STABLE,50.0,AMT,OK,False,False,50.0,,7.0,0,,,,FUERA DE RANGO,GATE_MARKET_ADVERSO,,FUERA DE RANGO,"GATE_WEAK_STAGE,GATE_MARKET_ADVERSO",,FUERA DE RANGO,NONE,2,85.0,Unknown,XLK
501,,,,,,,5.2050737226346016,,305.8773498535156,244.41278076171875,,289.83001708984375,,,,,,1181716.05,,0.9200357395501229,STAGE 3 TRANSICIÓN,LOW,50.0,MOMENTUM_STABLE,50.0,ECL,OK,False,False,50.0,,7.0,0,,,,FUERA DE RANGO,GATE_MARKET_ADVERSO,,FUERA DE RANGO,"GATE_WEAK_STAGE,GATE_MARKET_ADVERSO",,FUERA DE RANGO,NONE,2,85.0,Unknown,XLK
501,,,,,,,0.6409640671198731,,39.36000061035156,28.353961944580078,,39.36000061035156,,,,,,2781765.1,,1.5933056317372016,STAGE 3 TRANSICIÓN,LOW,50.0,MOMENTUM_STABLE,50.0,EPD,OK,False,False,50.0,,7.0,0,,,,FUERA DE RANGO,GATE_MARKET_ADVERSO,,FUERA DE RANGO,"GATE_WEAK_STAGE,GATE_MARKET_ADVERSO",,FUERA DE RANGO,NONE,2,85.0,Unknown,XLK
501,,,,,,,0.3980551464863035,,30.899999618530273,17.100000381469727,,30.899999618530273,,,,,,43340147.2,,1.077784618138076,STAGE 3 TRANSICIÓN,LOW,50.0,MOMENTUM_STABLE,50.0,WBD,OK,False,False,50.0,,7.0,0,,,,FUERA DE RANGO,GATE_MARKET_ADVERSO,,FUERA DE RANGO,"GATE_WEAK_STAGE,GATE_MARKET_ADVERSO",,FUERA DE RANGO,NONE,2,85.0,Unknown,XLK
501,,,,,,,19.987986835844765,,852.030029296875,554.8846435546875,,852.030029296875,,,,,,725113.8,,1.108758376960968,STAGE 3 TRANSICIÓN,LOW,50.0,MOMENTUM_STABLE,50.0,REGN,OK,False,False,50.0,,7.0,0,,,,FUERA DE RANGO,GATE_MARKET_ADVERSO,,FUERA DE RANGO,"GATE_WEAK_STAGE,GATE_MARKET_ADVERSO",,FUERA DE RANGO,NONE,2,85.0,Unknown,XLK
501,,,,,,,0.69152529291663,,31.67508888244629,21.790000915527344,,27.200000762939453,,,,,,31298755.8,,0.6528092084733924,STAGE 3 TRANSICIÓN,LOW,50.0,MOMENTUM_STABLE,50.0,CMCSA,OK,False,False,50.0,,7.0,0,,,,FUERA DE RANGO,GATE_MARKET_ADVERSO,,FUERA DE RANGO,"GATE_WEAK_STAGE,GATE_MARKET_ADVERSO",,FUERA DE RANGO,NONE,2,85.0,Unknown,XLK
501,,,,,,,1.1961677030742053,,64.98999786376953,50.643348693847656,,64.98999786376953,,,,,,7992815.8,,1.0477679217879636,STAGE 3 TRANSICIÓN,LOW,50.0,MOMENTUM_STABLE,50.0,MDLZ,OK,False,False,50.0,,7.0,0,,,,FUERA DE RANGO,GATE_MARKET_ADVERSO,,FUERA DE RANGO,"GATE_WEAK_STAGE,GATE_MARKET_ADVERSO",,FUERA DE RANGO,NONE,2,85.0,Unknown,XLK
501,,,,,,,4.928100559823863,,297.32000732421875,236.5846710205078,,297.32000732421875,,,,,,1310927.45,,1.7577242737574836,STAGE 3 TRANSICIÓN,LOW,50.0,MOMENTUM_STABLE,50.0,ITW,OK,False,False,50.0,,7.0,0,,,,FUERA DE RANGO,GATE_MARKET_ADVERSO,,FUERA DE RANGO,"GATE_WEAK_STAGE,GATE_MARKET_ADVERSO",,FUERA DE RANGO,NONE,2,85.0,Unknown,XLK
501,,,,,,,1.6504322592893506,,96.4796142578125,68.43778228759766,,96.4796142578125,,,,,,2296414.8,,0.9813540654763243,STAGE 3 TRANSICIÓN,LOW,50.0,MOMENTUM_STABLE,50.0,CP,OK,False,False,50.0,,7.0,0,,,,FUERA DE RANGO,GATE_MARKET_ADVERSO,,FUERA DE RANGO,"GATE_WEAK_STAGE,GATE_MARKET_ADVERSO",,FUERA DE RANGO,NONE,2,85.0,Unknown,XLK
501,,,,,,,6.619704821721137,,395.86651611328125,257.6324462890625,,395.86651611328125,,,,,,1423540.45,,0.7875498023256031,STAGE 3 TRANSICIÓN,LOW,50.0,MOMENTUM_STABLE,50.0,TRV,OK,False,False,50.0,,7.0,0,,,,FUERA DE RANGO,GATE_MARKET_ADVERSO,,FUERA DE RANGO,"GATE_WEAK_STAGE,GATE_MARKET_ADVERSO",,FUERA DE RANGO,NONE,2,85.0,Unknown,XLK
501,,,,,,,1.1650155316425443,,91.52363586425781,68.97709655761719,,83.98999786376953,,,,,,996099.35,,1.006312271963635,STAGE 3 TRANSICIÓN,LOW,50.0,MOMENTUM_STABLE,50.0,NGG,OK,False,False,50.0,,7.0,0,,,,FUERA DE RANGO,GATE_MARKET_ADVERSO,,FUERA DE RANGO,"GATE_WEAK_STAGE,GATE_MARKET_ADVERSO",,FUERA DE RANGO,NONE,2,85.0,Unknown,XLK
501,,,,,,,5.057907986591866,,254.73765563964844,146.49085998535156,,254.73765563964844,,,,,,1951416.85,,0.7591084395935189,STAGE 3 TRANSICIÓN,LOW,50.0,MOMENTUM_STABLE,50.0,ROST,OK,False,False,50.0,,7.0,0,,,,FUERA DE RANGO,GATE_MARKET_ADVERSO,,FUERA DE RANGO,"GATE_WEAK_STAGE,GATE_MARKET_ADVERSO",,FUERA DE RANGO,NONE,2,85.0,Unknown,XLK
501,,,,,,,3.5539389989275967,,153.74000549316406,99.30516815185547,,153.74000549316406,,,,,,3331338.2,,0.6614651133289319,STAGE 3 TRANSICIÓN,LOW,50.0,MOMENTUM_STABLE,50.0,EOG,OK,False,False,50.0,,7.0,0,,,,FUERA DE RANGO,GATE_MARKET_ADVERSO,,FUERA DE RANGO,"GATE_WEAK_STAGE,GATE_MARKET_ADVERSO",,FUERA DE RANGO,NONE,2,85.0,Unknown,XLK
501,,,,,,,1.7486348247216346,,59.78976821899414,30.963029861450195,,59.78976821899414,,,,,,13891293.8,,1.920229777301233,STAGE 3 TRANSICIÓN,LOW,50.0,MOMENTUM_STABLE,50.0,SLB,OK,False,False,50.0,,7.0,0,,,,FUERA DE RANGO,GATE_MARKET_ADVERSO,,FUERA DE RANGO,"GATE_WEAK_STAGE,GATE_MARKET_ADVERSO",,FUERA DE RANGO,NONE,2,85.0,Unknown,XLK
501,,,,,,,9.006367038317187,,489.9729919433594,360.5166015625,,489.9729919433594,,,,,,917203.5,,0.9755414147460187,STAGE 3 TRANSICIÓN,LOW,50.0,MOMENTUM_STABLE,50.0,MSI,OK,False,False,50.0,,7.0,0,,,,FUERA DE RANGO,GATE_MARKET_ADVERSO,,FUERA DE RANGO,"GATE_WEAK_STAGE,GATE_MARKET_ADVERSO",,FUERA DE RANGO,NONE,2,85.0,Unknown,XLK
501,,,,,,,2.0356575513718878,,129.8782501220703,89.36901092529297,,129.8782501220703,,,,,,1478283.8,,0.5249167987905976,STAGE 3 TRANSICIÓN,LOW,50.0,MOMENTUM_STABLE,50.0,CNI,OK,False,False,50.0,,7.0,0,,,,FUERA DE RANGO,GATE_MARKET_ADVERSO,,FUERA DE RANGO,"GATE_WEAK_STAGE,GATE_MARKET_ADVERSO",,FUERA DE RANGO,NONE,2,85.0,Unknown,XLK
501,,,,,,,6.544725455019243,,350.06060791015625,256.247314453125,,334.5776672363281,,,,,,1683990.6,,0.8447268054821683,STAGE 3 TRANSICIÓN,LOW,50.0,MOMENTUM_STABLE,50.0,HLT,OK,False,False,50.0,,7.0,0,,,,FUERA DE RANGO,GATE_MARKET_ADVERSO,,FUERA DE RANGO,"GATE_WEAK_STAGE,GATE_MARKET_ADVERSO",,FUERA DE RANGO,NONE,2,85.0,Unknown,XLK
501,,,,,,,2.520137007945399,,90.1136474609375,54.876556396484375,,90.1136474609375,,,,,,7320868.0,,0.8257299544261691,STAGE 3 TRANSICIÓN,LOW,50.0,MOMENTUM_STABLE,50.0,GM,OK,False,False,50.0,,7.0,0,,,,FUERA DE RANGO,GATE_MARKET_ADVERSO,,FUERA DE RANGO,"GATE_WEAK_STAGE,GATE_MARKET_ADVERSO",,FUERA DE RANGO,NONE,2,85.0,Unknown,XLK
501,,,,,,,6.348392229934978,,304.1076354980469,238.9933624267578,,302.8186340332031,,,,,,1539110.7,,1.279839065507114,STAGE 3 TRANSICIÓN,LOW,50.0,MOMENTUM_STABLE,50.0,CI,OK,False,False,50.0,,7.0,0,,,,FUERA DE RANGO,GATE_MARKET_ADVERSO,,FUERA DE RANGO,"GATE_WEAK_STAGE,GATE_MARKET_ADVERSO",,FUERA DE RANGO,NONE,2,85.0,Unknown,XLK
501,,,,,,,0.37012885795215533,,19.100000381469727,13.152607917785645,,19.100000381469727,,,,,,3151862.65,,0.8272419485030542,STAGE 3 TRANSICIÓN,LOW,50.0,MOMENTUM_STABLE,50.0,NWG,OK,False,False,50.0,,7.0,0,,,,FUERA DE RANGO,GATE_MARKET_ADVERSO,,FUERA DE RANGO,"GATE_WEAK_STAGE,GATE_MARKET_ADVERSO",,FUERA DE RANGO,NONE,2,85.0,Unknown,XLK
501,,,,,,,14.481023248170372,,724.891845703125,402.10052490234375,,673.0347900390625,,,,,,1153776.25,,0.6998974021176116,STAGE 3 TRANSICIÓN,LOW,50.0,MOMENTUM_STABLE,50.0,CMI,OK,False,False,50.0,,7.0,0,,,,FUERA DE RANGO,GATE_MARKET_ADVERSO,,FUERA DE RANGO,"GATE_WEAK_STAGE,GATE_MARKET_ADVERSO",,FUERA DE RANGO,NONE,2,85.0,Unknown,XLK
501,,,,,,,0.6956129701890449,,44.59000015258789,30.159160614013672,,44.59000015258789,,,,,,1725392.8,,0.6677644649960287,STAGE 3 TRANSICIÓN,LOW,50.0,MOMENTUM_STABLE,50.0,MFC,OK,False,False,50.0,,7.0,0,,,,FUERA DE RANGO,GATE_MARKET_ADVERSO,,FUERA DE RANGO,"GATE_WEAK_STAGE,GATE_MARKET_ADVERSO",,FUERA DE RANGO,NONE,2,85.0,Unknown,XLK
501,,,,,,,1.154917900729112,,56.534732818603516,42.022212982177734,,55.32197570800781,,,,,,2842775.8,,1.1441690195899374,STAGE 3 TRANSICIÓN,LOW,50.0,MOMENTUM_STABLE,50.0,BAM,OK,False,False,50.0,,7.0,0,,,,FUERA DE RANGO,GATE_MARKET_ADVERSO,,FUERA DE RANGO,"GATE_WEAK_STAGE,GATE_MARKET_ADVERSO",,FUERA DE RANGO,NONE,2,85.0,Unknown,XLK
501,,,,,,,11.408303036487665,,761.1927490234375,493.7743225097656,,586.4727783203125,,,,,,811897.6,,0.8016429658124374,STAGE 3 TRANSICIÓN,LOW,50.0,MOMENTUM_STABLE,50.0,NOC,OK,False,False,50.0,,7.0,0,,,,FUERA DE RANGO,GATE_MARKET_ADVERSO,,FUERA DE RANGO,"GATE_WEAK_STAGE,GATE_MARKET_ADVERSO",,FUERA DE RANGO,NONE,2,85.0,Unknown,XLK
501,,,,,,,13.071243530806354,,686.9725341796875,253.9451141357422,,369.9200134277344,,,,,,3619055.4,,1.0007329536873075,STAGE 3 TRANSICIÓN,LOW,50.0,MOMENTUM_STABLE,50.0,INTU,OK,False,False,50.0,,7.0,0,,,,FUERA DE RANGO,GATE_MARKET_ADVERSO,,FUERA DE RANGO,"GATE_WEAK_STAGE,GATE_MARKET_ADVERSO",,FUERA DE RANGO,NONE,2,85.0,Unknown,XLK
501,,,,,,,3.9639064908143666,,169.88999938964844,81.4371109008789,,169.88999938964844,,,,,,3234987.7,,1.0694488884764537,STAGE 3 TRANSICIÓN,LOW,50.0,MOMENTUM_STABLE,50.0,TGT,OK,False,False,50.0,,7.0,0,,,,FUERA DE RANGO,GATE_MARKET_ADVERSO,,FUERA DE RANGO,"GATE_WEAK_STAGE,GATE_MARKET_ADVERSO",,FUERA DE RANGO,NONE,2,85.0,Unknown,XLK
501,,,,,,,8.559140935454153,,498.338623046875,311.0402526855469,,436.5400085449219,,,,,,370968.25,,0.8037480296494377,STAGE 3 TRANSICIÓN,LOW,50.0,MOMENTUM_STABLE,50.0,RACE,OK,False,False,50.0,,7.0,0,,,,FUERA DE RANGO,GATE_MARKET_ADVERSO,,FUERA DE RANGO,"GATE_WEAK_STAGE,GATE_MARKET_ADVERSO",,FUERA DE RANGO,NONE,2,85.0,Unknown,XLK
501,,,,,,,5.142573944580229,,352.9800109863281,274.6883544921875,,352.9800109863281,,,,,,1091104.0,,0.44879314895738626,STAGE 3 TRANSICIÓN,LOW,50.0,MOMENTUM_STABLE,50.0,NSC,OK,False,False,50.0,,7.0,0,,,,FUERA DE RANGO,GATE_MARKET_ADVERSO,,FUERA DE RANGO,"GATE_WEAK_STAGE,GATE_MARKET_ADVERSO",,FUERA DE RANGO,NONE,2,85.0,Unknown,XLK
501,,,,,,,3.8257097966794644,,150.80316162109375,99.45870208740234,,142.97607421875,,,,,,2705992.4,,0.9189781907739283,STAGE 3 TRANSICIÓN,LOW,50.0,MOMENTUM_STABLE,50.0,APO,OK,False,False,50.0,,7.0,0,,,,FUERA DE RANGO,GATE_MARKET_ADVERSO,,FUERA DE RANGO,"GATE_WEAK_STAGE,GATE_MARKET_ADVERSO",,FUERA DE RANGO,NONE,2,85.0,Unknown,XLK
501,,,,,,,10.513243979341285,,342.36553955078125,230.3000030517578,,325.48583984375,,,,,,3082988.45,,1.3048277881157808,STAGE 3 TRANSICIÓN,LOW,50.0,MOMENTUM_STABLE,50.0,RCL,OK,False,False,50.0,,7.0,0,,,,FUERA DE RANGO,GATE_MARKET_ADVERSO,,FUERA DE RANGO,"GATE_WEAK_STAGE,GATE_MARKET_ADVERSO",,FUERA DE RANGO,NONE,2,85.0,Unknown,XLK
501,,,,,,,1.837935021565029,,107.80999755859375,82.7300033569336,,93.52999877929688,,,,,,6402687.1,,0.5719539222836613,STAGE 3 TRANSICIÓN,LOW,50.0,MOMENTUM_STABLE,50.0,ORLY,OK,False,False,50.0,,7.0,0,,,,FUERA DE RANGO,GATE_MARKET_ADVERSO,,FUERA DE RANGO,"GATE_WEAK_STAGE,GATE_MARKET_ADVERSO",,FUERA DE RANGO,NONE,2,85.0,Unknown,XLK
501,,,,,,,1.5255230718749178,,97.9660415649414,73.64120483398438,,93.53378295898438,,,,,,5339464.65,,0.7306524634450009,STAGE 3 TRANSICIÓN,LOW,50.0,MOMENTUM_STABLE,50.0,CL,OK,False,False,50.0,,7.0,0,,,,FUERA DE RANGO,GATE_MARKET_ADVERSO,,FUERA DE RANGO,"GATE_WEAK_STAGE,GATE_MARKET_ADVERSO",,FUERA DE RANGO,NONE,2,85.0,Unknown,XLK
501,,,,,,,0.3446597745345617,,21.729999542236328,15.154951095581055,,21.729999542236328,,,,,,8534730.95,,1.200145506637207,STAGE 3 TRANSICIÓN,LOW,50.0,MOMENTUM_STABLE,50.0,ET,OK,False,False,50.0,,7.0,0,,,,FUERA DE RANGO,GATE_MARKET_ADVERSO,,FUERA DE RANGO,"GATE_WEAK_STAGE,GATE_MARKET_ADVERSO",,FUERA DE RANGO,NONE,2,85.0,Unknown,XLK
