sector_etf,sector_flow_score,state,trend,close
XLK,72.18,STRONG,SECTOR_FLOW_ACCELERATING,200.92999267578125
XLF,54.86,NEUTRAL_POSITIVE,SECTOR_FLOW_STABLE,53.880001068115234
XLE,71.46,STRONG,SECTOR_FLOW_STABLE,63.45000076293945
XLV,58.55,NEUTRAL_POSITIVE,SECTOR_FLOW_STABLE,167.3699951171875
XLI,48.87,WEAK,SECTOR_FLOW_STABLE,170.10000610351562
XLP,49.4,WEAK,SECTOR_FLOW_STABLE,81.04000091552734
XLY,48.44,WEAK,SECTOR_FLOW_STABLE,110.41999816894531
XLC,58.5,NEUTRAL_POSITIVE,SECTOR_FLOW_STABLE,111.61000061035156
XLB,49.25,WEAK,SECTOR_FLOW_STABLE,49.5
XLRE,46.56,WEAK,SECTOR_FLOW_STABLE,40.66999816894531
XLU,45.44,WEAK,SECTOR_FLOW_STABLE,39.970001220703125
